"Icecrown Citadel H25",Trash,"Belt of the Lonely Noble",epic,50451,https://wowhead.com/wotlk/item=50451
"Icecrown Citadel H25",Trash,"Harbinger's Bone Band",epic,50447,https://wowhead.com/wotlk/item=50447
"Icecrown Citadel H25",Trash,"Leggings of Dubious Charms",epic,50450,https://wowhead.com/wotlk/item=50450
"Icecrown Citadel H25",Trash,"Ring of Rotting Sinew",epic,50453,https://wowhead.com/wotlk/item=50453
"Icecrown Citadel H25",Trash,"Rowan's Rifle of Silver Bullets",epic,50444,https://wowhead.com/wotlk/item=50444
"Icecrown Citadel H25",Trash,"Stiffened Corpse Shoulderpads",epic,50449,https://wowhead.com/wotlk/item=50449
"Icecrown Citadel H25",Trash,"Wodin's Lucky Necklace",epic,50452,https://wowhead.com/wotlk/item=50452
"Icecrown Citadel H25",Tokens,"Primordial Saronite",rare,49908,https://wowhead.com/wotlk/item=49908
"Icecrown Citadel H25",Tokens,"Shadowfrost Shard",legendary,50274,https://wowhead.com/wotlk/item=50274
"Icecrown Citadel H25",Marrowgar,"Band of the Bone Colossus",epic,50604,https://wowhead.com/wotlk/item=50604
"Icecrown Citadel H25",Marrowgar,"Bone Sentinel's Amulet",epic,50609,https://wowhead.com/wotlk/item=50609
"Icecrown Citadel H25",Marrowgar,"Bracers of Dark Reckoning",epic,50611,https://wowhead.com/wotlk/item=50611
"Icecrown Citadel H25",Marrowgar,"Bryntroll, the Bone Arbiter",epic,50709,https://wowhead.com/wotlk/item=50709
"Icecrown Citadel H25",Marrowgar,"Bulwark of Smouldering Steel",epic,50616,https://wowhead.com/wotlk/item=50616
"Icecrown Citadel H25",Marrowgar,"Crushing Coldwraith Belt",epic,50613,https://wowhead.com/wotlk/item=50613
"Icecrown Citadel H25",Marrowgar,"Frostbitten Fur Boots",epic,50607,https://wowhead.com/wotlk/item=50607
"Icecrown Citadel H25",Marrowgar,"Frozen Bonespike",epic,50608,https://wowhead.com/wotlk/item=50608
"Icecrown Citadel H25",Marrowgar,"Gendarme's Cuirass",epic,50606,https://wowhead.com/wotlk/item=50606
"Icecrown Citadel H25",Marrowgar,"Handguards of Winter's Respite",epic,50615,https://wowhead.com/wotlk/item=50615
"Icecrown Citadel H25",Marrowgar,"Legguards of Lost Hope",epic,50612,https://wowhead.com/wotlk/item=50612
"Icecrown Citadel H25",Marrowgar,"Loop of the Endless Labyrinth",epic,50614,https://wowhead.com/wotlk/item=50614
"Icecrown Citadel H25",Marrowgar,"Marrowgar's Frigid Eye",epic,50610,https://wowhead.com/wotlk/item=50610
"Icecrown Citadel H25",Marrowgar,"Rusted Bonespike Pauldrons",epic,50617,https://wowhead.com/wotlk/item=50617
"Icecrown Citadel H25",Marrowgar,"Snowserpent Mail Helm",epic,50605,https://wowhead.com/wotlk/item=50605
"Icecrown Citadel H25",Deathwhisper,"Ahn'kahar Onyx Neckguard",epic,50647,https://wowhead.com/wotlk/item=50647
"Icecrown Citadel H25",Deathwhisper,"Blood-Soaked Saronite Stompers",epic,50639,https://wowhead.com/wotlk/item=50639
"Icecrown Citadel H25",Deathwhisper,"Broken Ram Skull Helm",epic,50640,https://wowhead.com/wotlk/item=50640
"Icecrown Citadel H25",Deathwhisper,"Cultist's Bloodsoaked Spaulders",epic,50646,https://wowhead.com/wotlk/item=50646
"Icecrown Citadel H25",Deathwhisper,"Deathwhisper Raiment",epic,50649,https://wowhead.com/wotlk/item=50649
"Icecrown Citadel H25",Deathwhisper,"Fallen Lord's Handguards",epic,50650,https://wowhead.com/wotlk/item=50650
"Icecrown Citadel H25",Deathwhisper,Heartpierce,epic,50641,https://wowhead.com/wotlk/item=50641
"Icecrown Citadel H25",Deathwhisper,"Juggernaut Band",epic,50642,https://wowhead.com/wotlk/item=50642
"Icecrown Citadel H25",Deathwhisper,"Leggings of Northern Lights",epic,50645,https://wowhead.com/wotlk/item=50645
"Icecrown Citadel H25",Deathwhisper,"Necrophotic Greaves",epic,50652,https://wowhead.com/wotlk/item=50652
"Icecrown Citadel H25",Deathwhisper,Nibelung,epic,50648,https://wowhead.com/wotlk/item=50648
"Icecrown Citadel H25",Deathwhisper,"Ring of Maddening Whispers",epic,50644,https://wowhead.com/wotlk/item=50644
"Icecrown Citadel H25",Deathwhisper,"Shoulders of Mercy Killing",epic,50643,https://wowhead.com/wotlk/item=50643
"Icecrown Citadel H25",Deathwhisper,"The Lady's Brittle Bracers",epic,50651,https://wowhead.com/wotlk/item=50651
"Icecrown Citadel H25",Deathwhisper,"Zod's Repeating Longbow",epic,50638,https://wowhead.com/wotlk/item=50638
"Icecrown Citadel H25",Gunship,"Althor's Abacus",epic,50366,https://wowhead.com/wotlk/item=50366
"Icecrown Citadel H25",Gunship,"Amulet of the Silent Eulogy",epic,50658,https://wowhead.com/wotlk/item=50658
"Icecrown Citadel H25",Gunship,"Boneguard Commander's Pauldrons",epic,50660,https://wowhead.com/wotlk/item=50660
"Icecrown Citadel H25",Gunship,"Boots of Unnatural Growth",epic,50665,https://wowhead.com/wotlk/item=50665
"Icecrown Citadel H25",Gunship,"Corp'rethar Ceremonial Crown",epic,50661,https://wowhead.com/wotlk/item=50661
"Icecrown Citadel H25",Gunship,"Corpse Tongue Coin",epic,50349,https://wowhead.com/wotlk/item=50349
"Icecrown Citadel H25",Gunship,"Ikfirus's Sack of Wonder",epic,50656,https://wowhead.com/wotlk/item=50656
"Icecrown Citadel H25",Gunship,"Ikfirus's Sack of Wonder",epic,50656,https://wowhead.com/wotlk/item=50656
"Icecrown Citadel H25",Gunship,"Polar Bear Claw Bracers",epic,50659,https://wowhead.com/wotlk/item=50659
"Icecrown Citadel H25",Gunship,"Ring of Rapid Ascent",epic,50664,https://wowhead.com/wotlk/item=50664
"Icecrown Citadel H25",Gunship,"Scourge Hunter's Vambraces",epic,50655,https://wowhead.com/wotlk/item=50655
"Icecrown Citadel H25",Gunship,"Scourgeborne Waraxe",epic,50654,https://wowhead.com/wotlk/item=50654
"Icecrown Citadel H25",Gunship,"Shadowvault Slayer's Cloak",epic,50653,https://wowhead.com/wotlk/item=50653
"Icecrown Citadel H25",Gunship,"Skeleton Lord's Circle",epic,50657,https://wowhead.com/wotlk/item=50657
"Icecrown Citadel H25",Gunship,"Waistband of Righteous Fury",epic,50667,https://wowhead.com/wotlk/item=50667
"Icecrown Citadel H25",Saurfang,"Belt of the Blood Nova",epic,50671,https://wowhead.com/wotlk/item=50671
"Icecrown Citadel H25",Saurfang,"Bloodvenom Blade",epic,50672,https://wowhead.com/wotlk/item=50672
"Icecrown Citadel H25",Saurfang,"Conqueror's Mark of Sanctification",epic,52030,https://wowhead.com/wotlk/item=52030
"Icecrown Citadel H25",Saurfang,"Conqueror's Mark of Sanctification",epic,52027,https://wowhead.com/wotlk/item=52027
"Icecrown Citadel H25",Saurfang,"Deathbringer's Will",epic,50363,https://wowhead.com/wotlk/item=50363
"Icecrown Citadel H25",Saurfang,"Greatcloak of the Turned Champion",epic,50668,https://wowhead.com/wotlk/item=50668
"Icecrown Citadel H25",Saurfang,"Protector's Mark of Sanctification",epic,52026,https://wowhead.com/wotlk/item=52026
"Icecrown Citadel H25",Saurfang,"Protector's Mark of Sanctification",epic,52029,https://wowhead.com/wotlk/item=52029
"Icecrown Citadel H25",Saurfang,"Toskk's Maximized Wristguards",epic,50670,https://wowhead.com/wotlk/item=50670
"Icecrown Citadel H25",Saurfang,"Vanquisher's Mark of Sanctification",epic,52025,https://wowhead.com/wotlk/item=52025
"Icecrown Citadel H25",Saurfang,"Vanquisher's Mark of Sanctification",epic,52028,https://wowhead.com/wotlk/item=52028
"Icecrown Citadel H25",Festergut,"Belt of Broken Bones",epic,50691,https://wowhead.com/wotlk/item=50691
"Icecrown Citadel H25",Festergut,"Black Bruise",epic,50692,https://wowhead.com/wotlk/item=50692
"Icecrown Citadel H25",Festergut,"Carapace of Forgotten Kings",epic,50689,https://wowhead.com/wotlk/item=50689
"Icecrown Citadel H25",Festergut,"Distant Land",epic,50695,https://wowhead.com/wotlk/item=50695
"Icecrown Citadel H25",Festergut,"Faceplate of the Forgotten",epic,50701,https://wowhead.com/wotlk/item=50701
"Icecrown Citadel H25",Festergut,"Festergut's Acidic Blood",epic,50226,https://wowhead.com/wotlk/item=50226
"Icecrown Citadel H25",Festergut,"Fleshrending Gauntlets",epic,50690,https://wowhead.com/wotlk/item=50690
"Icecrown Citadel H25",Festergut,"Gangrenous Leggings",epic,50697,https://wowhead.com/wotlk/item=50697
"Icecrown Citadel H25",Festergut,"Holiday's Grace",epic,50700,https://wowhead.com/wotlk/item=50700
"Icecrown Citadel H25",Festergut,"Horrific Flesh Epaulets",epic,50698,https://wowhead.com/wotlk/item=50698
"Icecrown Citadel H25",Festergut,"Leather of Stitched Scourge Parts",epic,50696,https://wowhead.com/wotlk/item=50696
"Icecrown Citadel H25",Festergut,"Lingering Illness",epic,50702,https://wowhead.com/wotlk/item=50702
"Icecrown Citadel H25",Festergut,"Might of Blight",epic,50693,https://wowhead.com/wotlk/item=50693
"Icecrown Citadel H25",Festergut,"Nerub'ar Stalker's Cord",epic,50688,https://wowhead.com/wotlk/item=50688
"Icecrown Citadel H25",Festergut,"Plague Scientist's Boots",epic,50699,https://wowhead.com/wotlk/item=50699
"Icecrown Citadel H25",Festergut,"Plaguebringer's Stained Pants",epic,50694,https://wowhead.com/wotlk/item=50694
"Icecrown Citadel H25",Festergut,"Unclean Surgical Gloves",epic,50703,https://wowhead.com/wotlk/item=50703
"Icecrown Citadel H25",Rotface,"Aldriana's Gloves of Secrecy",epic,50675,https://wowhead.com/wotlk/item=50675
"Icecrown Citadel H25",Rotface,"Bile-Encrusted Medallion",epic,50682,https://wowhead.com/wotlk/item=50682
"Icecrown Citadel H25",Rotface,"Blightborne Warplate",epic,50681,https://wowhead.com/wotlk/item=50681
"Icecrown Citadel H25",Rotface,"Bloodsunder's Bracers",epic,50687,https://wowhead.com/wotlk/item=50687
"Icecrown Citadel H25",Rotface,"Corpse-Impaling Spike",epic,50684,https://wowhead.com/wotlk/item=50684
"Icecrown Citadel H25",Rotface,"Death Surgeon's Sleeves",epic,50686,https://wowhead.com/wotlk/item=50686
"Icecrown Citadel H25",Rotface,"Dislodged Foreign Object",epic,50348,https://wowhead.com/wotlk/item=50348
"Icecrown Citadel H25",Rotface,"Dual-Bladed Pauldrons",epic,50673,https://wowhead.com/wotlk/item=50673
"Icecrown Citadel H25",Rotface,"Helm of the Elder Moon",epic,50679,https://wowhead.com/wotlk/item=50679
"Icecrown Citadel H25",Rotface,"Raging Behemoth's Shoulderplates",epic,50674,https://wowhead.com/wotlk/item=50674
"Icecrown Citadel H25",Rotface,"Rib Spreader",epic,50676,https://wowhead.com/wotlk/item=50676
"Icecrown Citadel H25",Rotface,"Rot-Resistant Breastplate",epic,50680,https://wowhead.com/wotlk/item=50680
"Icecrown Citadel H25",Rotface,"Rotface's Acidic Blood",epic,50231,https://wowhead.com/wotlk/item=50231
"Icecrown Citadel H25",Rotface,"Seal of Many Mouths",epic,50678,https://wowhead.com/wotlk/item=50678
"Icecrown Citadel H25",Rotface,Trauma,epic,50685,https://wowhead.com/wotlk/item=50685
"Icecrown Citadel H25",Rotface,"Winding Sheet",epic,50677,https://wowhead.com/wotlk/item=50677
"Icecrown Citadel H25",Putricide,"Astrylian's Sutured Cinch",epic,50707,https://wowhead.com/wotlk/item=50707
"Icecrown Citadel H25",Putricide,"Conqueror's Mark of Sanctification",epic,52027,https://wowhead.com/wotlk/item=52027
"Icecrown Citadel H25",Putricide,"Conqueror's Mark of Sanctification",epic,52030,https://wowhead.com/wotlk/item=52030
"Icecrown Citadel H25",Putricide,"Last Word",epic,50708,https://wowhead.com/wotlk/item=50708
"Icecrown Citadel H25",Putricide,"Professor's Bloodied Smock",epic,50705,https://wowhead.com/wotlk/item=50705
"Icecrown Citadel H25",Putricide,"Protector's Mark of Sanctification",epic,52029,https://wowhead.com/wotlk/item=52029
"Icecrown Citadel H25",Putricide,"Protector's Mark of Sanctification",epic,52026,https://wowhead.com/wotlk/item=52026
"Icecrown Citadel H25",Putricide,Rigormortis,epic,50704,https://wowhead.com/wotlk/item=50704
"Icecrown Citadel H25",Putricide,"Tiny Abomination in a Jar",epic,50706,https://wowhead.com/wotlk/item=50706
"Icecrown Citadel H25",Putricide,"Vanquisher's Mark of Sanctification",epic,52025,https://wowhead.com/wotlk/item=52025
"Icecrown Citadel H25",Putricide,"Vanquisher's Mark of Sanctification",epic,52028,https://wowhead.com/wotlk/item=52028
"Icecrown Citadel H25",Council,"Crypt Keeper's Bracers",epic,50721,https://wowhead.com/wotlk/item=50721
"Icecrown Citadel H25",Council,Cryptmaker,epic,50603,https://wowhead.com/wotlk/item=50603
"Icecrown Citadel H25",Council,"Geistlord's Punishment Sack",epic,50713,https://wowhead.com/wotlk/item=50713
"Icecrown Citadel H25",Council,"Incarnadine Band of Mending",epic,50720,https://wowhead.com/wotlk/item=50720
"Icecrown Citadel H25",Council,"Keleseth's Seducer",epic,50710,https://wowhead.com/wotlk/item=50710
"Icecrown Citadel H25",Council,"Landsoul's Horned Greathelm",epic,50712,https://wowhead.com/wotlk/item=50712
"Icecrown Citadel H25",Council,"Mail of Crimson Coins",epic,50723,https://wowhead.com/wotlk/item=50723
"Icecrown Citadel H25",Council,"Royal Crimson Cloak",epic,50718,https://wowhead.com/wotlk/item=50718
"Icecrown Citadel H25",Council,"San'layn Ritualist Gloves",epic,50722,https://wowhead.com/wotlk/item=50722
"Icecrown Citadel H25",Council,"Sanguine Silk Robes",epic,50717,https://wowhead.com/wotlk/item=50717
"Icecrown Citadel H25",Council,"Shadow Silk Spindle",epic,50719,https://wowhead.com/wotlk/item=50719
"Icecrown Citadel H25",Council,"Shoulders of Frost-Tipped Thorns",epic,50715,https://wowhead.com/wotlk/item=50715
"Icecrown Citadel H25",Council,"Taldaram's Plated Fists",epic,50716,https://wowhead.com/wotlk/item=50716
"Icecrown Citadel H25",Council,"Treads of the Wasteland",epic,50711,https://wowhead.com/wotlk/item=50711
"Icecrown Citadel H25",Council,"Valanar's Other Signet Ring",epic,50714,https://wowhead.com/wotlk/item=50714
"Icecrown Citadel H25",Lana'thel,"Bauble of True Blood",epic,50726,https://wowhead.com/wotlk/item=50726
"Icecrown Citadel H25",Lana'thel,"Blood Queen's Crimson Choker",epic,50724,https://wowhead.com/wotlk/item=50724
"Icecrown Citadel H25",Lana'thel,Bloodfall,epic,50727,https://wowhead.com/wotlk/item=50727
"Icecrown Citadel H25",Lana'thel,"Conqueror's Mark of Sanctification",epic,52030,https://wowhead.com/wotlk/item=52030
"Icecrown Citadel H25",Lana'thel,"Conqueror's Mark of Sanctification",epic,52027,https://wowhead.com/wotlk/item=52027
"Icecrown Citadel H25",Lana'thel,"Dying Light",epic,50725,https://wowhead.com/wotlk/item=50725
"Icecrown Citadel H25",Lana'thel,"Icecrown Glacial Wall",epic,50729,https://wowhead.com/wotlk/item=50729
"Icecrown Citadel H25",Lana'thel,"Lana'thel's Chain of Flagellation",epic,50728,https://wowhead.com/wotlk/item=50728
"Icecrown Citadel H25",Lana'thel,"Protector's Mark of Sanctification",epic,52029,https://wowhead.com/wotlk/item=52029
"Icecrown Citadel H25",Lana'thel,"Protector's Mark of Sanctification",epic,52026,https://wowhead.com/wotlk/item=52026
"Icecrown Citadel H25",Lana'thel,"Vanquisher's Mark of Sanctification",epic,52025,https://wowhead.com/wotlk/item=52025
"Icecrown Citadel H25",Lana'thel,"Vanquisher's Mark of Sanctification",epic,52028,https://wowhead.com/wotlk/item=52028
"Icecrown Citadel H25",Valithria,"Anub'ar Stalker's Gloves",epic,50619,https://wowhead.com/wotlk/item=50619
"Icecrown Citadel H25",Valithria,"Boots of the Funeral March",epic,50632,https://wowhead.com/wotlk/item=50632
"Icecrown Citadel H25",Valithria,"Bracers of Eternal Dreaming",epic,50630,https://wowhead.com/wotlk/item=50630
"Icecrown Citadel H25",Valithria,"Coldwraith Links",epic,50620,https://wowhead.com/wotlk/item=50620
"Icecrown Citadel H25",Valithria,"Devium's Eternally Cold Ring",epic,50622,https://wowhead.com/wotlk/item=50622
"Icecrown Citadel H25",Valithria,"Emblem of Frost",epic,49426,https://wowhead.com/wotlk/item=49426
"Icecrown Citadel H25",Valithria,"Frostbinder's Shredded Cape",epic,50628,https://wowhead.com/wotlk/item=50628
"Icecrown Citadel H25",Valithria,"Frostbrood Sapphire Ring",epic,50618,https://wowhead.com/wotlk/item=50618
"Icecrown Citadel H25",Valithria,"Grinning Skull Greatboots",epic,50625,https://wowhead.com/wotlk/item=50625
"Icecrown Citadel H25",Valithria,"Leggings of Dying Candles",epic,50623,https://wowhead.com/wotlk/item=50623
"Icecrown Citadel H25",Valithria,Lungbreaker,epic,50621,https://wowhead.com/wotlk/item=50621
"Icecrown Citadel H25",Valithria,"Nightmare Ender",epic,50631,https://wowhead.com/wotlk/item=50631
"Icecrown Citadel H25",Valithria,"Noose of Malachite",epic,50627,https://wowhead.com/wotlk/item=50627
"Icecrown Citadel H25",Valithria,"Robe of the Waking Nightmare",epic,50629,https://wowhead.com/wotlk/item=50629
"Icecrown Citadel H25",Valithria,"Scourge Reaver's Legplates",epic,50624,https://wowhead.com/wotlk/item=50624
"Icecrown Citadel H25",Valithria,"Snowstorm Helm",epic,50626,https://wowhead.com/wotlk/item=50626
"Icecrown Citadel H25",Sindragosa,"Conqueror's Mark of Sanctification",epic,52030,https://wowhead.com/wotlk/item=52030
"Icecrown Citadel H25",Sindragosa,"Conqueror's Mark of Sanctification",epic,52027,https://wowhead.com/wotlk/item=52027
"Icecrown Citadel H25",Sindragosa,"Memory of Malygos",epic,50636,https://wowhead.com/wotlk/item=50636
"Icecrown Citadel H25",Sindragosa,"Phylactery of the Nameless Lich",epic,50365,https://wowhead.com/wotlk/item=50365
"Icecrown Citadel H25",Sindragosa,"Protector's Mark of Sanctification",epic,52029,https://wowhead.com/wotlk/item=52029
"Icecrown Citadel H25",Sindragosa,"Protector's Mark of Sanctification",epic,52026,https://wowhead.com/wotlk/item=52026
"Icecrown Citadel H25",Sindragosa,"Sindragosa's Cruel Claw",epic,50633,https://wowhead.com/wotlk/item=50633
"Icecrown Citadel H25",Sindragosa,"Sindragosa's Flawless Fang",epic,50364,https://wowhead.com/wotlk/item=50364
"Icecrown Citadel H25",Sindragosa,"Sundial of Eternal Dusk",epic,50635,https://wowhead.com/wotlk/item=50635
"Icecrown Citadel H25",Sindragosa,"Vanquisher's Mark of Sanctification",epic,52025,https://wowhead.com/wotlk/item=52025
"Icecrown Citadel H25",Sindragosa,"Vanquisher's Mark of Sanctification",epic,52028,https://wowhead.com/wotlk/item=52028
"Icecrown Citadel H25","Lich King","Archus, Greatstaff of Antonidas",epic,50731,https://wowhead.com/wotlk/item=50731
"Icecrown Citadel H25","Lich King","Bloodsurge, Kel'Thuzad's Blade of Agony",epic,50732,https://wowhead.com/wotlk/item=50732
"Icecrown Citadel H25","Lich King","Conqueror's Mark of Sanctification",epic,52030,https://wowhead.com/wotlk/item=52030
"Icecrown Citadel H25","Lich King","Conqueror's Mark of Sanctification",epic,52027,https://wowhead.com/wotlk/item=52027
"Icecrown Citadel H25","Lich King","Emblem of Frost",epic,49426,https://wowhead.com/wotlk/item=49426
"Icecrown Citadel H25","Lich King","Fal'inrush, Defender of Quel'thalas",epic,50733,https://wowhead.com/wotlk/item=50733
"Icecrown Citadel H25","Lich King","Glorenzelg, High-Blade of the Silver Hand",epic,50730,https://wowhead.com/wotlk/item=50730
"Icecrown Citadel H25","Lich King","Havoc's Call, Blade of Lordaeron Kings",epic,50737,https://wowhead.com/wotlk/item=50737
"Icecrown Citadel H25","Lich King","Heaven's Fall, Kryss of a Thousand Lies",epic,50736,https://wowhead.com/wotlk/item=50736
"Icecrown Citadel H25","Lich King","Invincible's Reins",epic,50818,https://wowhead.com/wotlk/item=50818
"Icecrown Citadel H25","Lich King","Mithrios, Bronzebeard's Legacy",epic,50738,https://wowhead.com/wotlk/item=50738
"Icecrown Citadel H25","Lich King","Oathbinder, Charge of the Ranger-General",epic,50735,https://wowhead.com/wotlk/item=50735
"Icecrown Citadel H25","Lich King","Protector's Mark of Sanctification",epic,52029,https://wowhead.com/wotlk/item=52029
"Icecrown Citadel H25","Lich King","Protector's Mark of Sanctification",epic,52026,https://wowhead.com/wotlk/item=52026
"Icecrown Citadel H25","Lich King","Royal Scepter of Terenas II",epic,50734,https://wowhead.com/wotlk/item=50734
"Icecrown Citadel H25","Lich King","Vanquisher's Mark of Sanctification",epic,52028,https://wowhead.com/wotlk/item=52028
"Icecrown Citadel H25","Lich King","Vanquisher's Mark of Sanctification",epic,52025,https://wowhead.com/wotlk/item=52025
"Icecrown Citadel H10",Tokens,"Primordial Saronite",rare,49908,https://wowhead.com/wotlk/item=49908
"Icecrown Citadel H10",Marrowgar,"Ancient Skeletal Boots",epic,51931,https://wowhead.com/wotlk/item=51931
"Icecrown Citadel H10",Marrowgar,"Bone Warden's Splitter",epic,51938,https://wowhead.com/wotlk/item=51938
"Icecrown Citadel H10",Marrowgar,"Bonebreaker Scepter",epic,51937,https://wowhead.com/wotlk/item=51937
"Icecrown Citadel H10",Marrowgar,"Citadel Enforcer's Claymore",epic,51936,https://wowhead.com/wotlk/item=51936
"Icecrown Citadel H10",Marrowgar,"Coldwraith Bracers",epic,51929,https://wowhead.com/wotlk/item=51929
"Icecrown Citadel H10",Marrowgar,"Cord of the Patronizing Practitioner",epic,51930,https://wowhead.com/wotlk/item=51930
"Icecrown Citadel H10",Marrowgar,"Corrupted Silverplate Leggings",epic,51928,https://wowhead.com/wotlk/item=51928
"Icecrown Citadel H10",Marrowgar,"Frost Needle",epic,51932,https://wowhead.com/wotlk/item=51932
"Icecrown Citadel H10",Marrowgar,"Linked Scourge Vertebrae",epic,51935,https://wowhead.com/wotlk/item=51935
"Icecrown Citadel H10",Marrowgar,"Marrowgar's Scratching Choker",epic,51934,https://wowhead.com/wotlk/item=51934
"Icecrown Citadel H10",Marrowgar,"Shawl of Nerubian Silk",epic,51933,https://wowhead.com/wotlk/item=51933
"Icecrown Citadel H10",Marrowgar,"Sliver of Pure Ice",epic,50346,https://wowhead.com/wotlk/item=50346
"Icecrown Citadel H10",Deathwhisper,"Boots of the Frozen Seed",epic,51920,https://wowhead.com/wotlk/item=51920
"Icecrown Citadel H10",Deathwhisper,"Bracers of Dark Blessings",epic,51918,https://wowhead.com/wotlk/item=51918
"Icecrown Citadel H10",Deathwhisper,"Chestguard of the Frigid Noose",epic,51923,https://wowhead.com/wotlk/item=51923
"Icecrown Citadel H10",Deathwhisper,"Deathspeaker Disciple's Belt",epic,51919,https://wowhead.com/wotlk/item=51919
"Icecrown Citadel H10",Deathwhisper,"Deathspeaker Zealot's Helm",epic,51924,https://wowhead.com/wotlk/item=51924
"Icecrown Citadel H10",Deathwhisper,"Ghoul Commander's Cuirass",epic,51917,https://wowhead.com/wotlk/item=51917
"Icecrown Citadel H10",Deathwhisper,"Handgrips of Frost and Sleet",epic,51926,https://wowhead.com/wotlk/item=51926
"Icecrown Citadel H10",Deathwhisper,"Njorndar Bone Bow",epic,51927,https://wowhead.com/wotlk/item=51927
"Icecrown Citadel H10",Deathwhisper,"Scourgelord's Baton",epic,51922,https://wowhead.com/wotlk/item=51922
"Icecrown Citadel H10",Deathwhisper,"Sister's Handshrouds",epic,51921,https://wowhead.com/wotlk/item=51921
"Icecrown Citadel H10",Deathwhisper,"Soulthief's Braided Belt",epic,51925,https://wowhead.com/wotlk/item=51925
"Icecrown Citadel H10",Deathwhisper,"Whispering Fanged Skull",epic,50343,https://wowhead.com/wotlk/item=50343
"Icecrown Citadel H10",Gunship,"Abomination's Bloody Ring",epic,51913,https://wowhead.com/wotlk/item=51913
"Icecrown Citadel H10",Gunship,"Bone Drake's Enameled Boots",epic,51915,https://wowhead.com/wotlk/item=51915
"Icecrown Citadel H10",Gunship,"Bracers of Pale Illumination",epic,51907,https://wowhead.com/wotlk/item=51907
"Icecrown Citadel H10",Gunship,"Cord of Dark Suffering",epic,51908,https://wowhead.com/wotlk/item=51908
"Icecrown Citadel H10",Gunship,"Frost Giant's Cleaver",epic,51916,https://wowhead.com/wotlk/item=51916
"Icecrown Citadel H10",Gunship,"Ice-Reinforced Vrykul Helm",epic,51906,https://wowhead.com/wotlk/item=51906
"Icecrown Citadel H10",Gunship,"Icecrown Rampart Bracers",epic,51914,https://wowhead.com/wotlk/item=51914
"Icecrown Citadel H10",Gunship,"Midnight Sun",epic,51910,https://wowhead.com/wotlk/item=51910
"Icecrown Citadel H10",Gunship,"Muradin's Spyglass",epic,50345,https://wowhead.com/wotlk/item=50345
"Icecrown Citadel H10",Gunship,"Neverending Winter",epic,51909,https://wowhead.com/wotlk/item=51909
"Icecrown Citadel H10",Gunship,"Pauldrons of Lost Hope",epic,51911,https://wowhead.com/wotlk/item=51911
"Icecrown Citadel H10",Gunship,"Saronite Gargoyle Cloak",epic,51912,https://wowhead.com/wotlk/item=51912
"Icecrown Citadel H10",Saurfang,"Blade-Scored Carapace",epic,51902,https://wowhead.com/wotlk/item=51902
"Icecrown Citadel H10",Saurfang,"Conqueror's Mark of Sanctification",epic,52027,https://wowhead.com/wotlk/item=52027
"Icecrown Citadel H10",Saurfang,"Deathforged Legplates",epic,51895,https://wowhead.com/wotlk/item=51895
"Icecrown Citadel H10",Saurfang,"Gargoyle Spit Bracers",epic,51901,https://wowhead.com/wotlk/item=51901
"Icecrown Citadel H10",Saurfang,"Hauberk of a Thousand Cuts",epic,51903,https://wowhead.com/wotlk/item=51903
"Icecrown Citadel H10",Saurfang,"Icecrown Spire Sandals",epic,51899,https://wowhead.com/wotlk/item=51899
"Icecrown Citadel H10",Saurfang,"Leggings of Unrelenting Blood",epic,51897,https://wowhead.com/wotlk/item=51897
"Icecrown Citadel H10",Saurfang,"Mag'hari Chieftain's Staff",epic,51898,https://wowhead.com/wotlk/item=51898
"Icecrown Citadel H10",Saurfang,"Protector's Mark of Sanctification",epic,52026,https://wowhead.com/wotlk/item=52026
"Icecrown Citadel H10",Saurfang,"Ramaladni's Blade of Culling",epic,51905,https://wowhead.com/wotlk/item=51905
"Icecrown Citadel H10",Saurfang,"Saurfang's Cold-Forged Band",epic,51900,https://wowhead.com/wotlk/item=51900
"Icecrown Citadel H10",Saurfang,"Scourge Stranglers",epic,51904,https://wowhead.com/wotlk/item=51904
"Icecrown Citadel H10",Saurfang,"Soulcleave Pendant",epic,51894,https://wowhead.com/wotlk/item=51894
"Icecrown Citadel H10",Saurfang,"Thaumaturge's Crackling Cowl",epic,51896,https://wowhead.com/wotlk/item=51896
"Icecrown Citadel H10",Saurfang,"Vanquisher's Mark of Sanctification",epic,52025,https://wowhead.com/wotlk/item=52025
"Icecrown Citadel H10",Festergut,Abracadaver,epic,51887,https://wowhead.com/wotlk/item=51887
"Icecrown Citadel H10",Festergut,"Bloodstained Surgeon's Shoulderguards",epic,51883,https://wowhead.com/wotlk/item=51883
"Icecrown Citadel H10",Festergut,"Cloak of Many Skins",epic,51888,https://wowhead.com/wotlk/item=51888
"Icecrown Citadel H10",Festergut,"Festergut's Gaseous Gloves",epic,51886,https://wowhead.com/wotlk/item=51886
"Icecrown Citadel H10",Festergut,"Festering Fingerguards",epic,51892,https://wowhead.com/wotlk/item=51892
"Icecrown Citadel H10",Festergut,Gutbuster,epic,51893,https://wowhead.com/wotlk/item=51893
"Icecrown Citadel H10",Festergut,"Kilt of Untreated Wounds",epic,51882,https://wowhead.com/wotlk/item=51882
"Icecrown Citadel H10",Festergut,"Plague-Soaked Leather Leggings",epic,51889,https://wowhead.com/wotlk/item=51889
"Icecrown Citadel H10",Festergut,"Precious's Putrid Collar",epic,51890,https://wowhead.com/wotlk/item=51890
"Icecrown Citadel H10",Festergut,"Signet of Putrefaction",epic,51884,https://wowhead.com/wotlk/item=51884
"Icecrown Citadel H10",Festergut,"Taldron's Long Neglected Boots",epic,51891,https://wowhead.com/wotlk/item=51891
"Icecrown Citadel H10",Festergut,"Wrists of Septic Shock",epic,51885,https://wowhead.com/wotlk/item=51885
"Icecrown Citadel H10",Rotface,"Abomination Knuckles",epic,51876,https://wowhead.com/wotlk/item=51876
"Icecrown Citadel H10",Rotface,"Chestguard of the Failed Experiment",epic,51870,https://wowhead.com/wotlk/item=51870
"Icecrown Citadel H10",Rotface,"Choker of Filthy Diamonds",epic,51871,https://wowhead.com/wotlk/item=51871
"Icecrown Citadel H10",Rotface,"Ether-Soaked Bracers",epic,51872,https://wowhead.com/wotlk/item=51872
"Icecrown Citadel H10",Rotface,"Flesh-Shaper's Gurney Strap",epic,51879,https://wowhead.com/wotlk/item=51879
"Icecrown Citadel H10",Rotface,"Gloves of Broken Fingers",epic,51874,https://wowhead.com/wotlk/item=51874
"Icecrown Citadel H10",Rotface,"Gluth's Fetching Knife",epic,51880,https://wowhead.com/wotlk/item=51880
"Icecrown Citadel H10",Rotface,Lockjaw,epic,51875,https://wowhead.com/wotlk/item=51875
"Icecrown Citadel H10",Rotface,"Rotface's Rupturing Ring",epic,51878,https://wowhead.com/wotlk/item=51878
"Icecrown Citadel H10",Rotface,"Shaft of Glacial Ice",epic,51881,https://wowhead.com/wotlk/item=51881
"Icecrown Citadel H10",Rotface,"Shuffling Shoes",epic,51873,https://wowhead.com/wotlk/item=51873
"Icecrown Citadel H10",Rotface,"Taldron's Short-Sighted Helm",epic,51877,https://wowhead.com/wotlk/item=51877
"Icecrown Citadel H10",Putricide,"Cauterized Cord",epic,51862,https://wowhead.com/wotlk/item=51862
"Icecrown Citadel H10",Putricide,"Chestplate of Septic Stitches",epic,51861,https://wowhead.com/wotlk/item=51861
"Icecrown Citadel H10",Putricide,"Conqueror's Mark of Sanctification",epic,52027,https://wowhead.com/wotlk/item=52027
"Icecrown Citadel H10",Putricide,"Discarded Bag of Entrails",epic,51866,https://wowhead.com/wotlk/item=51866
"Icecrown Citadel H10",Putricide,"Flesh-Carving Scalpel",epic,51868,https://wowhead.com/wotlk/item=51868
"Icecrown Citadel H10",Putricide,"Infected Choker",epic,51867,https://wowhead.com/wotlk/item=51867
"Icecrown Citadel H10",Putricide,"Pendant of Split Veins",epic,51863,https://wowhead.com/wotlk/item=51863
"Icecrown Citadel H10",Putricide,"Protector's Mark of Sanctification",epic,52026,https://wowhead.com/wotlk/item=52026
"Icecrown Citadel H10",Putricide,"Rippling Flesh Kilt",epic,51860,https://wowhead.com/wotlk/item=51860
"Icecrown Citadel H10",Putricide,"Scalpel-Sharpening Shoulderguards",epic,51865,https://wowhead.com/wotlk/item=51865
"Icecrown Citadel H10",Putricide,"Shoulderpads of the Morbid Ritual",epic,51864,https://wowhead.com/wotlk/item=51864
"Icecrown Citadel H10",Putricide,"Shoulders of Ruinous Senility",epic,51859,https://wowhead.com/wotlk/item=51859
"Icecrown Citadel H10",Putricide,"The Facelifter",epic,51869,https://wowhead.com/wotlk/item=51869
"Icecrown Citadel H10",Putricide,"Unidentifiable Organ",epic,50344,https://wowhead.com/wotlk/item=50344
"Icecrown Citadel H10",Putricide,"Vanquisher's Mark of Sanctification",epic,52025,https://wowhead.com/wotlk/item=52025
"Icecrown Citadel H10",Council,"Battle-Maiden's Legguards",epic,51854,https://wowhead.com/wotlk/item=51854
"Icecrown Citadel H10",Council,"Blood-Drinker's Girdle",epic,51853,https://wowhead.com/wotlk/item=51853
"Icecrown Citadel H10",Council,"Bloodsoul Raiment",epic,51851,https://wowhead.com/wotlk/item=51851
"Icecrown Citadel H10",Council,"Cerise Coiled Ring",epic,51849,https://wowhead.com/wotlk/item=51849
"Icecrown Citadel H10",Council,"Heartsick Mender's Cape",epic,51848,https://wowhead.com/wotlk/item=51848
"Icecrown Citadel H10",Council,"Hersir's Greatspear",epic,51857,https://wowhead.com/wotlk/item=51857
"Icecrown Citadel H10",Council,"Pale Corpse Boots",epic,51850,https://wowhead.com/wotlk/item=51850
"Icecrown Citadel H10",Council,Soulbreaker,epic,51858,https://wowhead.com/wotlk/item=51858
"Icecrown Citadel H10",Council,"Spaulders of the Blood Princes",epic,51847,https://wowhead.com/wotlk/item=51847
"Icecrown Citadel H10",Council,"Taldaram's Soft Slippers",epic,51856,https://wowhead.com/wotlk/item=51856
"Icecrown Citadel H10",Council,"Thrice Fanged Signet",epic,51855,https://wowhead.com/wotlk/item=51855
"Icecrown Citadel H10",Council,"Wand of Ruby Claret",epic,51852,https://wowhead.com/wotlk/item=51852
"Icecrown Citadel H10",Lana'thel,Bloodsipper,epic,51846,https://wowhead.com/wotlk/item=51846
"Icecrown Citadel H10",Lana'thel,"Chestguard of Siphoned Elements",epic,51840,https://wowhead.com/wotlk/item=51840
"Icecrown Citadel H10",Lana'thel,"Collar of Haughty Disdain",epic,51842,https://wowhead.com/wotlk/item=51842
"Icecrown Citadel H10",Lana'thel,"Conqueror's Mark of Sanctification",epic,52027,https://wowhead.com/wotlk/item=52027
"Icecrown Citadel H10",Lana'thel,"Cowl of Malefic Repose",epic,51837,https://wowhead.com/wotlk/item=51837
"Icecrown Citadel H10",Lana'thel,"Ivory-Inlaid Leggings",epic,51841,https://wowhead.com/wotlk/item=51841
"Icecrown Citadel H10",Lana'thel,"Lana'thel's Bloody Nail",epic,51838,https://wowhead.com/wotlk/item=51838
"Icecrown Citadel H10",Lana'thel,"Protector's Mark of Sanctification",epic,52026,https://wowhead.com/wotlk/item=52026
"Icecrown Citadel H10",Lana'thel,"Seal of the Twilight Queen",epic,51843,https://wowhead.com/wotlk/item=51843
"Icecrown Citadel H10",Lana'thel,"Shoulderpads of the Searing Kiss",epic,51839,https://wowhead.com/wotlk/item=51839
"Icecrown Citadel H10",Lana'thel,Stakethrower,epic,51845,https://wowhead.com/wotlk/item=51845
"Icecrown Citadel H10",Lana'thel,"Throatrender Handguards",epic,51844,https://wowhead.com/wotlk/item=51844
"Icecrown Citadel H10",Lana'thel,"Tightening Waistband",epic,51836,https://wowhead.com/wotlk/item=51836
"Icecrown Citadel H10",Lana'thel,"Vanquisher's Mark of Sanctification",epic,52025,https://wowhead.com/wotlk/item=52025
"Icecrown Citadel H10",Lana'thel,"Veincrusher Gauntlets",epic,51835,https://wowhead.com/wotlk/item=51835
"Icecrown Citadel H10",Valithria,"Dreamhunter's Carbine",epic,51834,https://wowhead.com/wotlk/item=51834
"Icecrown Citadel H10",Valithria,"Emerald Saint's Spaulders",epic,51824,https://wowhead.com/wotlk/item=51824
"Icecrown Citadel H10",Valithria,"Ironrope Belt of Ymirjar",epic,51831,https://wowhead.com/wotlk/item=51831
"Icecrown Citadel H10",Valithria,"Leggings of the Refracted Mind",epic,51823,https://wowhead.com/wotlk/item=51823
"Icecrown Citadel H10",Valithria,"Legguards of the Twisted Dream",epic,51829,https://wowhead.com/wotlk/item=51829
"Icecrown Citadel H10",Valithria,"Lich Wrappings",epic,51826,https://wowhead.com/wotlk/item=51826
"Icecrown Citadel H10",Valithria,Oxheart,epic,51833,https://wowhead.com/wotlk/item=51833
"Icecrown Citadel H10",Valithria,"Sister Svalna's Aether Staff",epic,51828,https://wowhead.com/wotlk/item=51828
"Icecrown Citadel H10",Valithria,"Sister Svalna's Spangenhelm",epic,51825,https://wowhead.com/wotlk/item=51825
"Icecrown Citadel H10",Valithria,"Skinned Whelp Shoulders",epic,51830,https://wowhead.com/wotlk/item=51830
"Icecrown Citadel H10",Valithria,"Stormbringer Gloves",epic,51827,https://wowhead.com/wotlk/item=51827
"Icecrown Citadel H10",Valithria,"Taiga Bindings",epic,51832,https://wowhead.com/wotlk/item=51832
"Icecrown Citadel H10",Sindragosa,"Bleak Coldarra Carver",epic,51815,https://wowhead.com/wotlk/item=51815
"Icecrown Citadel H10",Sindragosa,"Conqueror's Mark of Sanctification",epic,52027,https://wowhead.com/wotlk/item=52027
"Icecrown Citadel H10",Sindragosa,"Etched Dragonbone Girdle",epic,51821,https://wowhead.com/wotlk/item=51821
"Icecrown Citadel H10",Sindragosa,"Icicle Shapers",epic,51814,https://wowhead.com/wotlk/item=51814
"Icecrown Citadel H10",Sindragosa,"Legplates of Aetheric Strife",epic,51817,https://wowhead.com/wotlk/item=51817
"Icecrown Citadel H10",Sindragosa,"Lost Pavise of the Blue Flight",epic,51812,https://wowhead.com/wotlk/item=51812
"Icecrown Citadel H10",Sindragosa,"Protector's Mark of Sanctification",epic,52026,https://wowhead.com/wotlk/item=52026
"Icecrown Citadel H10",Sindragosa,"Rimetooth Pendant",epic,51822,https://wowhead.com/wotlk/item=51822
"Icecrown Citadel H10",Sindragosa,"Robes of Azure Downfall",epic,51813,https://wowhead.com/wotlk/item=51813
"Icecrown Citadel H10",Sindragosa,"Scourge Fanged Stompers",epic,51816,https://wowhead.com/wotlk/item=51816
"Icecrown Citadel H10",Sindragosa,"Shoulderguards of Crystalline Bone",epic,51811,https://wowhead.com/wotlk/item=51811
"Icecrown Citadel H10",Sindragosa,Splintershard,epic,51819,https://wowhead.com/wotlk/item=51819
"Icecrown Citadel H10",Sindragosa,"Vambraces of the Frost Wyrm Queen",epic,51820,https://wowhead.com/wotlk/item=51820
"Icecrown Citadel H10",Sindragosa,"Vanquisher's Mark of Sanctification",epic,52025,https://wowhead.com/wotlk/item=52025
"Icecrown Citadel H10",Sindragosa,"Wyrmwing Treads",epic,51818,https://wowhead.com/wotlk/item=51818
"Icecrown Citadel H10","Lich King","Conqueror's Mark of Sanctification",epic,52027,https://wowhead.com/wotlk/item=52027
"Icecrown Citadel H10","Lich King","Emblem of Frost",epic,49426,https://wowhead.com/wotlk/item=49426
"Icecrown Citadel H10","Lich King","Halion, Staff of Forgotten Love",epic,51943,https://wowhead.com/wotlk/item=51943
"Icecrown Citadel H10","Lich King","Protector's Mark of Sanctification",epic,52026,https://wowhead.com/wotlk/item=52026
"Icecrown Citadel H10","Lich King","Pugius, Fist of Defiance",epic,51941,https://wowhead.com/wotlk/item=51941
"Icecrown Citadel H10","Lich King","Stormfury, Black Blade of the Betrayer",epic,51942,https://wowhead.com/wotlk/item=51942
"Icecrown Citadel H10","Lich King","Tainted Twig of Nordrassil",epic,51945,https://wowhead.com/wotlk/item=51945
"Icecrown Citadel H10","Lich King","Tel'thas, Dagger of the Blood King",epic,51939,https://wowhead.com/wotlk/item=51939
"Icecrown Citadel H10","Lich King","Troggbane, Axe of the Frostborne King",epic,51947,https://wowhead.com/wotlk/item=51947
"Icecrown Citadel H10","Lich King","Valius, Gavel of the Lightbringer",epic,51944,https://wowhead.com/wotlk/item=51944
"Icecrown Citadel H10","Lich King","Vanquisher's Mark of Sanctification",epic,52025,https://wowhead.com/wotlk/item=52025
"Icecrown Citadel H10","Lich King","Warmace of Menethil",epic,51946,https://wowhead.com/wotlk/item=51946
"Icecrown Citadel H10","Lich King","Windrunner's Heartseeker",epic,51940,https://wowhead.com/wotlk/item=51940
"Icecrown Citadel N25",Trash,"Belt of the Lonely Noble",epic,50451,https://wowhead.com/wotlk/item=50451
"Icecrown Citadel N25",Trash,"Harbinger's Bone Band",epic,50447,https://wowhead.com/wotlk/item=50447
"Icecrown Citadel N25",Trash,"Leggings of Dubious Charms",epic,50450,https://wowhead.com/wotlk/item=50450
"Icecrown Citadel N25",Trash,"Ring of Rotting Sinew",epic,50453,https://wowhead.com/wotlk/item=50453
"Icecrown Citadel N25",Trash,"Rowan's Rifle of Silver Bullets",epic,50444,https://wowhead.com/wotlk/item=50444
"Icecrown Citadel N25",Trash,"Stiffened Corpse Shoulderpads",epic,50449,https://wowhead.com/wotlk/item=50449
"Icecrown Citadel N25",Trash,"Wodin's Lucky Necklace",epic,50452,https://wowhead.com/wotlk/item=50452
"Icecrown Citadel N25",Tokens,"Primordial Saronite",rare,49908,https://wowhead.com/wotlk/item=49908
"Icecrown Citadel N25",Tokens,"Shadowfrost Shard",legendary,50274,https://wowhead.com/wotlk/item=50274
"Icecrown Citadel N25",Marrowgar,"Band of the Bone Colossus",epic,49949,https://wowhead.com/wotlk/item=49949
"Icecrown Citadel N25",Marrowgar,"Bone Sentinel's Amulet",epic,49975,https://wowhead.com/wotlk/item=49975
"Icecrown Citadel N25",Marrowgar,"Bracers of Dark Reckoning",epic,49960,https://wowhead.com/wotlk/item=49960
"Icecrown Citadel N25",Marrowgar,"Bryntroll, the Bone Arbiter",epic,50415,https://wowhead.com/wotlk/item=50415
"Icecrown Citadel N25",Marrowgar,"Bulwark of Smouldering Steel",epic,49976,https://wowhead.com/wotlk/item=49976
"Icecrown Citadel N25",Marrowgar,"Crushing Coldwraith Belt",epic,49978,https://wowhead.com/wotlk/item=49978
"Icecrown Citadel N25",Marrowgar,"Frostbitten Fur Boots",epic,49950,https://wowhead.com/wotlk/item=49950
"Icecrown Citadel N25",Marrowgar,"Frozen Bonespike",epic,49968,https://wowhead.com/wotlk/item=49968
"Icecrown Citadel N25",Marrowgar,"Gendarme's Cuirass",epic,49951,https://wowhead.com/wotlk/item=49951
"Icecrown Citadel N25",Marrowgar,"Handguards of Winter's Respite",epic,49979,https://wowhead.com/wotlk/item=49979
"Icecrown Citadel N25",Marrowgar,"Legguards of Lost Hope",epic,49964,https://wowhead.com/wotlk/item=49964
"Icecrown Citadel N25",Marrowgar,"Loop of the Endless Labyrinth",epic,49977,https://wowhead.com/wotlk/item=49977
"Icecrown Citadel N25",Marrowgar,"Marrowgar's Frigid Eye",epic,49967,https://wowhead.com/wotlk/item=49967
"Icecrown Citadel N25",Marrowgar,"Rusted Bonespike Pauldrons",epic,49980,https://wowhead.com/wotlk/item=49980
"Icecrown Citadel N25",Marrowgar,"Snowserpent Mail Helm",epic,49952,https://wowhead.com/wotlk/item=49952
"Icecrown Citadel N25",Deathwhisper,"Ahn'kahar Onyx Neckguard",epic,49989,https://wowhead.com/wotlk/item=49989
"Icecrown Citadel N25",Deathwhisper,"Blood-Soaked Saronite Stompers",epic,49983,https://wowhead.com/wotlk/item=49983
"Icecrown Citadel N25",Deathwhisper,"Broken Ram Skull Helm",epic,49986,https://wowhead.com/wotlk/item=49986
"Icecrown Citadel N25",Deathwhisper,"Cultist's Bloodsoaked Spaulders",epic,49987,https://wowhead.com/wotlk/item=49987
"Icecrown Citadel N25",Deathwhisper,"Deathwhisper Raiment",epic,49996,https://wowhead.com/wotlk/item=49996
"Icecrown Citadel N25",Deathwhisper,"Fallen Lord's Handguards",epic,49995,https://wowhead.com/wotlk/item=49995
"Icecrown Citadel N25",Deathwhisper,Heartpierce,epic,49982,https://wowhead.com/wotlk/item=49982
"Icecrown Citadel N25",Deathwhisper,"Juggernaut Band",epic,49985,https://wowhead.com/wotlk/item=49985
"Icecrown Citadel N25",Deathwhisper,"Leggings of Northern Lights",epic,49988,https://wowhead.com/wotlk/item=49988
"Icecrown Citadel N25",Deathwhisper,"Necrophotic Greaves",epic,49993,https://wowhead.com/wotlk/item=49993
"Icecrown Citadel N25",Deathwhisper,Nibelung,epic,49992,https://wowhead.com/wotlk/item=49992
"Icecrown Citadel N25",Deathwhisper,"Ring of Maddening Whispers",epic,49990,https://wowhead.com/wotlk/item=49990
"Icecrown Citadel N25",Deathwhisper,"Shoulders of Mercy Killing",epic,49991,https://wowhead.com/wotlk/item=49991
"Icecrown Citadel N25",Deathwhisper,"The Lady's Brittle Bracers",epic,49994,https://wowhead.com/wotlk/item=49994
"Icecrown Citadel N25",Deathwhisper,"Zod's Repeating Longbow",epic,50034,https://wowhead.com/wotlk/item=50034
"Icecrown Citadel N25",Gunship,"Althor's Abacus",epic,50359,https://wowhead.com/wotlk/item=50359
"Icecrown Citadel N25",Gunship,"Amulet of the Silent Eulogy",epic,50005,https://wowhead.com/wotlk/item=50005
"Icecrown Citadel N25",Gunship,"Boneguard Commander's Pauldrons",epic,50003,https://wowhead.com/wotlk/item=50003
"Icecrown Citadel N25",Gunship,"Boots of Unnatural Growth",epic,50009,https://wowhead.com/wotlk/item=50009
"Icecrown Citadel N25",Gunship,"Corp'rethar Ceremonial Crown",epic,50006,https://wowhead.com/wotlk/item=50006
"Icecrown Citadel N25",Gunship,"Corpse Tongue Coin",epic,50352,https://wowhead.com/wotlk/item=50352
"Icecrown Citadel N25",Gunship,"Gunship Captain's Mittens",epic,50011,https://wowhead.com/wotlk/item=50011
"Icecrown Citadel N25",Gunship,"Ikfirus's Sack of Wonder",epic,50001,https://wowhead.com/wotlk/item=50001
"Icecrown Citadel N25",Gunship,"Polar Bear Claw Bracers",epic,50002,https://wowhead.com/wotlk/item=50002
"Icecrown Citadel N25",Gunship,"Ring of Rapid Ascent",epic,50008,https://wowhead.com/wotlk/item=50008
"Icecrown Citadel N25",Gunship,"Scourge Hunter's Vambraces",epic,50000,https://wowhead.com/wotlk/item=50000
"Icecrown Citadel N25",Gunship,"Scourgeborne Waraxe",epic,50411,https://wowhead.com/wotlk/item=50411
"Icecrown Citadel N25",Gunship,"Shadowvault Slayer's Cloak",epic,49998,https://wowhead.com/wotlk/item=49998
"Icecrown Citadel N25",Gunship,"Skeleton Lord's Circle",epic,49999,https://wowhead.com/wotlk/item=49999
"Icecrown Citadel N25",Gunship,"Waistband of Righteous Fury",epic,50010,https://wowhead.com/wotlk/item=50010
"Icecrown Citadel N25",Saurfang,"Belt of the Blood Nova",epic,50015,https://wowhead.com/wotlk/item=50015
"Icecrown Citadel N25",Saurfang,"Bloodvenom Blade",epic,50412,https://wowhead.com/wotlk/item=50412
"Icecrown Citadel N25",Saurfang,"Conqueror's Mark of Sanctification",epic,52027,https://wowhead.com/wotlk/item=52027
"Icecrown Citadel N25",Saurfang,"Deathbringer's Will",epic,50362,https://wowhead.com/wotlk/item=50362
"Icecrown Citadel N25",Saurfang,"Greatcloak of the Turned Champion",epic,50014,https://wowhead.com/wotlk/item=50014
"Icecrown Citadel N25",Saurfang,"Protector's Mark of Sanctification",epic,52026,https://wowhead.com/wotlk/item=52026
"Icecrown Citadel N25",Saurfang,"Toskk's Maximized Wristguards",epic,50333,https://wowhead.com/wotlk/item=50333
"Icecrown Citadel N25",Saurfang,"Vanquisher's Mark of Sanctification",epic,52025,https://wowhead.com/wotlk/item=52025
"Icecrown Citadel N25",Festergut,"Belt of Broken Bones",epic,50036,https://wowhead.com/wotlk/item=50036
"Icecrown Citadel N25",Festergut,"Black Bruise",epic,50035,https://wowhead.com/wotlk/item=50035
"Icecrown Citadel N25",Festergut,"Carapace of Forgotten Kings",epic,50038,https://wowhead.com/wotlk/item=50038
"Icecrown Citadel N25",Festergut,"Distant Land",epic,50040,https://wowhead.com/wotlk/item=50040
"Icecrown Citadel N25",Festergut,"Faceplate of the Forgotten",epic,50060,https://wowhead.com/wotlk/item=50060
"Icecrown Citadel N25",Festergut,"Festergut's Acidic Blood",epic,50226,https://wowhead.com/wotlk/item=50226
"Icecrown Citadel N25",Festergut,"Fleshrending Gauntlets",epic,50037,https://wowhead.com/wotlk/item=50037
"Icecrown Citadel N25",Festergut,"Gangrenous Leggings",epic,50042,https://wowhead.com/wotlk/item=50042
"Icecrown Citadel N25",Festergut,"Holiday's Grace",epic,50061,https://wowhead.com/wotlk/item=50061
"Icecrown Citadel N25",Festergut,"Horrific Flesh Epaulets",epic,50059,https://wowhead.com/wotlk/item=50059
"Icecrown Citadel N25",Festergut,"Leather of Stitched Scourge Parts",epic,50041,https://wowhead.com/wotlk/item=50041
"Icecrown Citadel N25",Festergut,"Lingering Illness",epic,50063,https://wowhead.com/wotlk/item=50063
"Icecrown Citadel N25",Festergut,"Might of Blight",epic,50414,https://wowhead.com/wotlk/item=50414
"Icecrown Citadel N25",Festergut,"Nerub'ar Stalker's Cord",epic,50413,https://wowhead.com/wotlk/item=50413
"Icecrown Citadel N25",Festergut,"Plague Scientist's Boots",epic,50062,https://wowhead.com/wotlk/item=50062
"Icecrown Citadel N25",Festergut,"Plaguebringer's Stained Pants",epic,50056,https://wowhead.com/wotlk/item=50056
"Icecrown Citadel N25",Festergut,"Unclean Surgical Gloves",epic,50064,https://wowhead.com/wotlk/item=50064
"Icecrown Citadel N25",Rotface,"Aldriana's Gloves of Secrecy",epic,50021,https://wowhead.com/wotlk/item=50021
"Icecrown Citadel N25",Rotface,"Bile-Encrusted Medallion",epic,50023,https://wowhead.com/wotlk/item=50023
"Icecrown Citadel N25",Rotface,"Blightborne Warplate",epic,50024,https://wowhead.com/wotlk/item=50024
"Icecrown Citadel N25",Rotface,"Bloodsunder's Bracers",epic,50030,https://wowhead.com/wotlk/item=50030
"Icecrown Citadel N25",Rotface,"Corpse-Impaling Spike",epic,50033,https://wowhead.com/wotlk/item=50033
"Icecrown Citadel N25",Rotface,"Death Surgeon's Sleeves",epic,50032,https://wowhead.com/wotlk/item=50032
"Icecrown Citadel N25",Rotface,"Dislodged Foreign Object",epic,50353,https://wowhead.com/wotlk/item=50353
"Icecrown Citadel N25",Rotface,"Dual-Bladed Pauldrons",epic,50022,https://wowhead.com/wotlk/item=50022
"Icecrown Citadel N25",Rotface,"Helm of the Elder Moon",epic,50026,https://wowhead.com/wotlk/item=50026
"Icecrown Citadel N25",Rotface,"Raging Behemoth's Shoulderplates",epic,50020,https://wowhead.com/wotlk/item=50020
"Icecrown Citadel N25",Rotface,"Rib Spreader",epic,50016,https://wowhead.com/wotlk/item=50016
"Icecrown Citadel N25",Rotface,"Rot-Resistant Breastplate",epic,50027,https://wowhead.com/wotlk/item=50027
"Icecrown Citadel N25",Rotface,"Rotface's Acidic Blood",epic,50231,https://wowhead.com/wotlk/item=50231
"Icecrown Citadel N25",Rotface,"Seal of Many Mouths",epic,50025,https://wowhead.com/wotlk/item=50025
"Icecrown Citadel N25",Rotface,Trauma,epic,50028,https://wowhead.com/wotlk/item=50028
"Icecrown Citadel N25",Rotface,"Winding Sheet",epic,50019,https://wowhead.com/wotlk/item=50019
"Icecrown Citadel N25",Putricide,"Astrylian's Sutured Cinch",epic,50067,https://wowhead.com/wotlk/item=50067
"Icecrown Citadel N25",Putricide,"Conqueror's Mark of Sanctification",epic,52027,https://wowhead.com/wotlk/item=52027
"Icecrown Citadel N25",Putricide,"Last Word",epic,50179,https://wowhead.com/wotlk/item=50179
"Icecrown Citadel N25",Putricide,"Professor's Bloodied Smock",epic,50069,https://wowhead.com/wotlk/item=50069
"Icecrown Citadel N25",Putricide,"Protector's Mark of Sanctification",epic,52026,https://wowhead.com/wotlk/item=52026
"Icecrown Citadel N25",Putricide,Rigormortis,epic,50068,https://wowhead.com/wotlk/item=50068
"Icecrown Citadel N25",Putricide,"Tiny Abomination in a Jar",epic,50351,https://wowhead.com/wotlk/item=50351
"Icecrown Citadel N25",Putricide,"Vanquisher's Mark of Sanctification",epic,52025,https://wowhead.com/wotlk/item=52025
"Icecrown Citadel N25",Council,"Crypt Keeper's Bracers",epic,50175,https://wowhead.com/wotlk/item=50175
"Icecrown Citadel N25",Council,Cryptmaker,epic,49919,https://wowhead.com/wotlk/item=49919
"Icecrown Citadel N25",Council,"Geistlord's Punishment Sack",epic,50073,https://wowhead.com/wotlk/item=50073
"Icecrown Citadel N25",Council,"Incarnadine Band of Mending",epic,50174,https://wowhead.com/wotlk/item=50174
"Icecrown Citadel N25",Council,"Keleseth's Seducer",epic,50184,https://wowhead.com/wotlk/item=50184
"Icecrown Citadel N25",Council,"Landsoul's Horned Greathelm",epic,50072,https://wowhead.com/wotlk/item=50072
"Icecrown Citadel N25",Council,"Mail of Crimson Coins",epic,50177,https://wowhead.com/wotlk/item=50177
"Icecrown Citadel N25",Council,"Royal Crimson Cloak",epic,50074,https://wowhead.com/wotlk/item=50074
"Icecrown Citadel N25",Council,"San'layn Ritualist Gloves",epic,50176,https://wowhead.com/wotlk/item=50176
"Icecrown Citadel N25",Council,"Sanguine Silk Robes",epic,50172,https://wowhead.com/wotlk/item=50172
"Icecrown Citadel N25",Council,"Shadow Silk Spindle",epic,50173,https://wowhead.com/wotlk/item=50173
"Icecrown Citadel N25",Council,"Shoulders of Frost-Tipped Thorns",epic,50171,https://wowhead.com/wotlk/item=50171
"Icecrown Citadel N25",Council,"Taldaram's Plated Fists",epic,50075,https://wowhead.com/wotlk/item=50075
"Icecrown Citadel N25",Council,"Treads of the Wasteland",epic,50071,https://wowhead.com/wotlk/item=50071
"Icecrown Citadel N25",Council,"Valanar's Other Signet Ring",epic,50170,https://wowhead.com/wotlk/item=50170
"Icecrown Citadel N25",Lana'thel,"Bauble of True Blood",epic,50354,https://wowhead.com/wotlk/item=50354
"Icecrown Citadel N25",Lana'thel,"Blood Queen's Crimson Choker",epic,50182,https://wowhead.com/wotlk/item=50182
"Icecrown Citadel N25",Lana'thel,Bloodfall,epic,50178,https://wowhead.com/wotlk/item=50178
"Icecrown Citadel N25",Lana'thel,"Conqueror's Mark of Sanctification",epic,52027,https://wowhead.com/wotlk/item=52027
"Icecrown Citadel N25",Lana'thel,"Dying Light",epic,50181,https://wowhead.com/wotlk/item=50181
"Icecrown Citadel N25",Lana'thel,"Icecrown Glacial Wall",epic,50065,https://wowhead.com/wotlk/item=50065
"Icecrown Citadel N25",Lana'thel,"Lana'thel's Chain of Flagellation",epic,50180,https://wowhead.com/wotlk/item=50180
"Icecrown Citadel N25",Lana'thel,"Protector's Mark of Sanctification",epic,52026,https://wowhead.com/wotlk/item=52026
"Icecrown Citadel N25",Lana'thel,"Vanquisher's Mark of Sanctification",epic,52025,https://wowhead.com/wotlk/item=52025
"Icecrown Citadel N25",Valithria,"Anub'ar Stalker's Gloves",epic,50188,https://wowhead.com/wotlk/item=50188
"Icecrown Citadel N25",Valithria,"Boots of the Funeral March",epic,50416,https://wowhead.com/wotlk/item=50416
"Icecrown Citadel N25",Valithria,"Bracers of Eternal Dreaming",epic,50417,https://wowhead.com/wotlk/item=50417
"Icecrown Citadel N25",Valithria,"Coldwraith Links",epic,50187,https://wowhead.com/wotlk/item=50187
"Icecrown Citadel N25",Valithria,"Devium's Eternally Cold Ring",epic,50185,https://wowhead.com/wotlk/item=50185
"Icecrown Citadel N25",Valithria,"Frostbinder's Shredded Cape",epic,50205,https://wowhead.com/wotlk/item=50205
"Icecrown Citadel N25",Valithria,"Frostbrood Sapphire Ring",epic,50186,https://wowhead.com/wotlk/item=50186
"Icecrown Citadel N25",Valithria,"Grinning Skull Greatboots",epic,50190,https://wowhead.com/wotlk/item=50190
"Icecrown Citadel N25",Valithria,"Leggings of Dying Candles",epic,50199,https://wowhead.com/wotlk/item=50199
"Icecrown Citadel N25",Valithria,Lungbreaker,epic,50183,https://wowhead.com/wotlk/item=50183
"Icecrown Citadel N25",Valithria,"Nightmare Ender",epic,50472,https://wowhead.com/wotlk/item=50472
"Icecrown Citadel N25",Valithria,"Noose of Malachite",epic,50195,https://wowhead.com/wotlk/item=50195
"Icecrown Citadel N25",Valithria,"Robe of the Waking Nightmare",epic,50418,https://wowhead.com/wotlk/item=50418
"Icecrown Citadel N25",Valithria,"Scourge Reaver's Legplates",epic,50192,https://wowhead.com/wotlk/item=50192
"Icecrown Citadel N25",Valithria,"Snowstorm Helm",epic,50202,https://wowhead.com/wotlk/item=50202
"Icecrown Citadel N25",Sindragosa,"Conqueror's Mark of Sanctification",epic,52027,https://wowhead.com/wotlk/item=52027
"Icecrown Citadel N25",Sindragosa,"Memory of Malygos",epic,50424,https://wowhead.com/wotlk/item=50424
"Icecrown Citadel N25",Sindragosa,"Phylactery of the Nameless Lich",epic,50360,https://wowhead.com/wotlk/item=50360
"Icecrown Citadel N25",Sindragosa,"Protector's Mark of Sanctification",epic,52026,https://wowhead.com/wotlk/item=52026
"Icecrown Citadel N25",Sindragosa,"Sindragosa's Cruel Claw",epic,50421,https://wowhead.com/wotlk/item=50421
"Icecrown Citadel N25",Sindragosa,"Sindragosa's Flawless Fang",epic,50361,https://wowhead.com/wotlk/item=50361
"Icecrown Citadel N25",Sindragosa,"Sundial of Eternal Dusk",epic,50423,https://wowhead.com/wotlk/item=50423
"Icecrown Citadel N25",Sindragosa,"Vanquisher's Mark of Sanctification",epic,52025,https://wowhead.com/wotlk/item=52025
"Icecrown Citadel N25","Lich King","Archus, Greatstaff of Antonidas",epic,50429,https://wowhead.com/wotlk/item=50429
"Icecrown Citadel N25","Lich King","Bloodsurge, Kel'Thuzad's Blade of Agony",epic,50427,https://wowhead.com/wotlk/item=50427
"Icecrown Citadel N25","Lich King","Conqueror's Mark of Sanctification",epic,52027,https://wowhead.com/wotlk/item=52027
"Icecrown Citadel N25","Lich King","Emblem of Frost",epic,49426,https://wowhead.com/wotlk/item=49426
"Icecrown Citadel N25","Lich King","Fal'inrush, Defender of Quel'thalas",epic,49981,https://wowhead.com/wotlk/item=49981
"Icecrown Citadel N25","Lich King","Glorenzelg, High-Blade of the Silver Hand",epic,50070,https://wowhead.com/wotlk/item=50070
"Icecrown Citadel N25","Lich King","Havoc's Call, Blade of Lordaeron Kings",epic,50012,https://wowhead.com/wotlk/item=50012
"Icecrown Citadel N25","Lich King","Heaven's Fall, Kryss of a Thousand Lies",epic,50426,https://wowhead.com/wotlk/item=50426
"Icecrown Citadel N25","Lich King","Invincible's Reins",epic,50818,https://wowhead.com/wotlk/item=50818
"Icecrown Citadel N25","Lich King","Mithrios, Bronzebeard's Legacy",epic,49997,https://wowhead.com/wotlk/item=49997
"Icecrown Citadel N25","Lich King","Oathbinder, Charge of the Ranger-General",epic,50425,https://wowhead.com/wotlk/item=50425
"Icecrown Citadel N25","Lich King","Protector's Mark of Sanctification",epic,52026,https://wowhead.com/wotlk/item=52026
"Icecrown Citadel N25","Lich King","Royal Scepter of Terenas II",epic,50428,https://wowhead.com/wotlk/item=50428
"Icecrown Citadel N25","Lich King","Sealed Chest",epic,51315,https://wowhead.com/wotlk/item=51315
"Icecrown Citadel N25","Lich King","Vanquisher's Mark of Sanctification",epic,52025,https://wowhead.com/wotlk/item=52025
"Icecrown Citadel N10",Tokens,"Primordial Saronite",rare,49908,https://wowhead.com/wotlk/item=49908
"Icecrown Citadel N10",Marrowgar,"Ancient Skeletal Boots",epic,50772,https://wowhead.com/wotlk/item=50772
"Icecrown Citadel N10",Marrowgar,"Bone Warden's Splitter",epic,50759,https://wowhead.com/wotlk/item=50759
"Icecrown Citadel N10",Marrowgar,"Bonebreaker Scepter",epic,50760,https://wowhead.com/wotlk/item=50760
"Icecrown Citadel N10",Marrowgar,"Citadel Enforcer's Claymore",epic,50761,https://wowhead.com/wotlk/item=50761
"Icecrown Citadel N10",Marrowgar,"Coldwraith Bracers",epic,50774,https://wowhead.com/wotlk/item=50774
"Icecrown Citadel N10",Marrowgar,"Cord of the Patronizing Practitioner",epic,50773,https://wowhead.com/wotlk/item=50773
"Icecrown Citadel N10",Marrowgar,"Corrupted Silverplate Leggings",epic,50775,https://wowhead.com/wotlk/item=50775
"Icecrown Citadel N10",Marrowgar,"Frost Needle",epic,50771,https://wowhead.com/wotlk/item=50771
"Icecrown Citadel N10",Marrowgar,"Linked Scourge Vertebrae",epic,50762,https://wowhead.com/wotlk/item=50762
"Icecrown Citadel N10",Marrowgar,"Marrowgar's Scratching Choker",epic,50763,https://wowhead.com/wotlk/item=50763
"Icecrown Citadel N10",Marrowgar,"Shawl of Nerubian Silk",epic,50764,https://wowhead.com/wotlk/item=50764
"Icecrown Citadel N10",Marrowgar,"Sliver of Pure Ice",epic,50339,https://wowhead.com/wotlk/item=50339
"Icecrown Citadel N10",Deathwhisper,"Boots of the Frozen Seed",epic,50783,https://wowhead.com/wotlk/item=50783
"Icecrown Citadel N10",Deathwhisper,"Bracers of Dark Blessings",epic,50785,https://wowhead.com/wotlk/item=50785
"Icecrown Citadel N10",Deathwhisper,"Chestguard of the Frigid Noose",epic,50780,https://wowhead.com/wotlk/item=50780
"Icecrown Citadel N10",Deathwhisper,"Deathspeaker Disciple's Belt",epic,50784,https://wowhead.com/wotlk/item=50784
"Icecrown Citadel N10",Deathwhisper,"Deathspeaker Zealot's Helm",epic,50779,https://wowhead.com/wotlk/item=50779
"Icecrown Citadel N10",Deathwhisper,"Ghoul Commander's Cuirass",epic,50786,https://wowhead.com/wotlk/item=50786
"Icecrown Citadel N10",Deathwhisper,"Handgrips of Frost and Sleet",epic,50777,https://wowhead.com/wotlk/item=50777
"Icecrown Citadel N10",Deathwhisper,"Njorndar Bone Bow",epic,50776,https://wowhead.com/wotlk/item=50776
"Icecrown Citadel N10",Deathwhisper,"Scourgelord's Baton",epic,50781,https://wowhead.com/wotlk/item=50781
"Icecrown Citadel N10",Deathwhisper,"Sister's Handshrouds",epic,50782,https://wowhead.com/wotlk/item=50782
"Icecrown Citadel N10",Deathwhisper,"Soulthief's Braided Belt",epic,50778,https://wowhead.com/wotlk/item=50778
"Icecrown Citadel N10",Deathwhisper,"Whispering Fanged Skull",epic,50342,https://wowhead.com/wotlk/item=50342
"Icecrown Citadel N10",Gunship,"Abomination's Bloody Ring",epic,50790,https://wowhead.com/wotlk/item=50790
"Icecrown Citadel N10",Gunship,"Bone Drake's Enameled Boots",epic,50788,https://wowhead.com/wotlk/item=50788
"Icecrown Citadel N10",Gunship,"Bracers of Pale Illumination",epic,50796,https://wowhead.com/wotlk/item=50796
"Icecrown Citadel N10",Gunship,"Cord of Dark Suffering",epic,50795,https://wowhead.com/wotlk/item=50795
"Icecrown Citadel N10",Gunship,"Frost Giant's Cleaver",epic,50787,https://wowhead.com/wotlk/item=50787
"Icecrown Citadel N10",Gunship,"Ice-Reinforced Vrykul Helm",epic,50797,https://wowhead.com/wotlk/item=50797
"Icecrown Citadel N10",Gunship,"Icecrown Rampart Bracers",epic,50789,https://wowhead.com/wotlk/item=50789
"Icecrown Citadel N10",Gunship,"Midnight Sun",epic,50793,https://wowhead.com/wotlk/item=50793
"Icecrown Citadel N10",Gunship,"Muradin's Spyglass",epic,50340,https://wowhead.com/wotlk/item=50340
"Icecrown Citadel N10",Gunship,"Neverending Winter",epic,50794,https://wowhead.com/wotlk/item=50794
"Icecrown Citadel N10",Gunship,"Pauldrons of Lost Hope",epic,50792,https://wowhead.com/wotlk/item=50792
"Icecrown Citadel N10",Gunship,"Saronite Gargoyle Cloak",epic,50791,https://wowhead.com/wotlk/item=50791
"Icecrown Citadel N10",Saurfang,"Blade-Scored Carapace",epic,50801,https://wowhead.com/wotlk/item=50801
"Icecrown Citadel N10",Saurfang,"Deathforged Legplates",epic,50808,https://wowhead.com/wotlk/item=50808
"Icecrown Citadel N10",Saurfang,"Gargoyle Spit Bracers",epic,50802,https://wowhead.com/wotlk/item=50802
"Icecrown Citadel N10",Saurfang,"Hauberk of a Thousand Cuts",epic,50800,https://wowhead.com/wotlk/item=50800
"Icecrown Citadel N10",Saurfang,"Icecrown Spire Sandals",epic,50804,https://wowhead.com/wotlk/item=50804
"Icecrown Citadel N10",Saurfang,"Leggings of Unrelenting Blood",epic,50806,https://wowhead.com/wotlk/item=50806
"Icecrown Citadel N10",Saurfang,"Mag'hari Chieftain's Staff",epic,50805,https://wowhead.com/wotlk/item=50805
"Icecrown Citadel N10",Saurfang,"Ramaladni's Blade of Culling",epic,50798,https://wowhead.com/wotlk/item=50798
"Icecrown Citadel N10",Saurfang,"Saurfang's Cold-Forged Band",epic,50803,https://wowhead.com/wotlk/item=50803
"Icecrown Citadel N10",Saurfang,"Scourge Stranglers",epic,50799,https://wowhead.com/wotlk/item=50799
"Icecrown Citadel N10",Saurfang,"Soulcleave Pendant",epic,50809,https://wowhead.com/wotlk/item=50809
"Icecrown Citadel N10",Saurfang,"Thaumaturge's Crackling Cowl",epic,50807,https://wowhead.com/wotlk/item=50807
"Icecrown Citadel N10",Festergut,Abracadaver,epic,50966,https://wowhead.com/wotlk/item=50966
"Icecrown Citadel N10",Festergut,"Bloodstained Surgeon's Shoulderguards",epic,50988,https://wowhead.com/wotlk/item=50988
"Icecrown Citadel N10",Festergut,"Cloak of Many Skins",epic,50859,https://wowhead.com/wotlk/item=50859
"Icecrown Citadel N10",Festergut,"Festergut's Gaseous Gloves",epic,50967,https://wowhead.com/wotlk/item=50967
"Icecrown Citadel N10",Festergut,"Festering Fingerguards",epic,50811,https://wowhead.com/wotlk/item=50811
"Icecrown Citadel N10",Festergut,Gutbuster,epic,50810,https://wowhead.com/wotlk/item=50810
"Icecrown Citadel N10",Festergut,"Kilt of Untreated Wounds",epic,50990,https://wowhead.com/wotlk/item=50990
"Icecrown Citadel N10",Festergut,"Plague-Soaked Leather Leggings",epic,50858,https://wowhead.com/wotlk/item=50858
"Icecrown Citadel N10",Festergut,"Precious's Putrid Collar",epic,50852,https://wowhead.com/wotlk/item=50852
"Icecrown Citadel N10",Festergut,"Signet of Putrefaction",epic,50986,https://wowhead.com/wotlk/item=50986
"Icecrown Citadel N10",Festergut,"Taldron's Long Neglected Boots",epic,50812,https://wowhead.com/wotlk/item=50812
"Icecrown Citadel N10",Festergut,"Wrists of Septic Shock",epic,50985,https://wowhead.com/wotlk/item=50985
"Icecrown Citadel N10",Rotface,"Abomination Knuckles",epic,51003,https://wowhead.com/wotlk/item=51003
"Icecrown Citadel N10",Rotface,"Chestguard of the Failed Experiment",epic,51009,https://wowhead.com/wotlk/item=51009
"Icecrown Citadel N10",Rotface,"Choker of Filthy Diamonds",epic,51008,https://wowhead.com/wotlk/item=51008
"Icecrown Citadel N10",Rotface,"Ether-Soaked Bracers",epic,51007,https://wowhead.com/wotlk/item=51007
"Icecrown Citadel N10",Rotface,"Flesh-Shaper's Gurney Strap",epic,51000,https://wowhead.com/wotlk/item=51000
"Icecrown Citadel N10",Rotface,"Gloves of Broken Fingers",epic,51005,https://wowhead.com/wotlk/item=51005
"Icecrown Citadel N10",Rotface,"Gluth's Fetching Knife",epic,50999,https://wowhead.com/wotlk/item=50999
"Icecrown Citadel N10",Rotface,Lockjaw,epic,51004,https://wowhead.com/wotlk/item=51004
"Icecrown Citadel N10",Rotface,"Rotface's Rupturing Ring",epic,51001,https://wowhead.com/wotlk/item=51001
"Icecrown Citadel N10",Rotface,"Shaft of Glacial Ice",epic,50998,https://wowhead.com/wotlk/item=50998
"Icecrown Citadel N10",Rotface,"Shuffling Shoes",epic,51006,https://wowhead.com/wotlk/item=51006
"Icecrown Citadel N10",Rotface,"Taldron's Short-Sighted Helm",epic,51002,https://wowhead.com/wotlk/item=51002
"Icecrown Citadel N10",Putricide,"Cauterized Cord",epic,51017,https://wowhead.com/wotlk/item=51017
"Icecrown Citadel N10",Putricide,"Chestplate of Septic Stitches",epic,51018,https://wowhead.com/wotlk/item=51018
"Icecrown Citadel N10",Putricide,"Discarded Bag of Entrails",epic,51013,https://wowhead.com/wotlk/item=51013
"Icecrown Citadel N10",Putricide,"Flesh-Carving Scalpel",epic,51011,https://wowhead.com/wotlk/item=51011
"Icecrown Citadel N10",Putricide,"Infected Choker",epic,51012,https://wowhead.com/wotlk/item=51012
"Icecrown Citadel N10",Putricide,"Pendant of Split Veins",epic,51016,https://wowhead.com/wotlk/item=51016
"Icecrown Citadel N10",Putricide,"Rippling Flesh Kilt",epic,51019,https://wowhead.com/wotlk/item=51019
"Icecrown Citadel N10",Putricide,"Scalpel-Sharpening Shoulderguards",epic,51014,https://wowhead.com/wotlk/item=51014
"Icecrown Citadel N10",Putricide,"Shoulderpads of the Morbid Ritual",epic,51015,https://wowhead.com/wotlk/item=51015
"Icecrown Citadel N10",Putricide,"Shoulders of Ruinous Senility",epic,51020,https://wowhead.com/wotlk/item=51020
"Icecrown Citadel N10",Putricide,"The Facelifter",epic,51010,https://wowhead.com/wotlk/item=51010
"Icecrown Citadel N10",Putricide,"Unidentifiable Organ",epic,50341,https://wowhead.com/wotlk/item=50341
"Icecrown Citadel N10",Council,"Battle-Maiden's Legguards",epic,51025,https://wowhead.com/wotlk/item=51025
"Icecrown Citadel N10",Council,"Blood-Drinker's Girdle",epic,51325,https://wowhead.com/wotlk/item=51325
"Icecrown Citadel N10",Council,"Bloodsoul Raiment",epic,51379,https://wowhead.com/wotlk/item=51379
"Icecrown Citadel N10",Council,"Cerise Coiled Ring",epic,51381,https://wowhead.com/wotlk/item=51381
"Icecrown Citadel N10",Council,"Heartsick Mender's Cape",epic,51382,https://wowhead.com/wotlk/item=51382
"Icecrown Citadel N10",Council,"Hersir's Greatspear",epic,51022,https://wowhead.com/wotlk/item=51022
"Icecrown Citadel N10",Council,"Pale Corpse Boots",epic,51380,https://wowhead.com/wotlk/item=51380
"Icecrown Citadel N10",Council,Soulbreaker,epic,51021,https://wowhead.com/wotlk/item=51021
"Icecrown Citadel N10",Council,"Spaulders of the Blood Princes",epic,51383,https://wowhead.com/wotlk/item=51383
"Icecrown Citadel N10",Council,"Taldaram's Soft Slippers",epic,51023,https://wowhead.com/wotlk/item=51023
"Icecrown Citadel N10",Council,"Thrice Fanged Signet",epic,51024,https://wowhead.com/wotlk/item=51024
"Icecrown Citadel N10",Council,"Wand of Ruby Claret",epic,51326,https://wowhead.com/wotlk/item=51326
"Icecrown Citadel N10",Lana'thel,Bloodsipper,epic,51384,https://wowhead.com/wotlk/item=51384
"Icecrown Citadel N10",Lana'thel,"Chestguard of Siphoned Elements",epic,51551,https://wowhead.com/wotlk/item=51551
"Icecrown Citadel N10",Lana'thel,"Collar of Haughty Disdain",epic,51548,https://wowhead.com/wotlk/item=51548
"Icecrown Citadel N10",Lana'thel,"Conqueror's Mark of Sanctification",epic,52027,https://wowhead.com/wotlk/item=52027
"Icecrown Citadel N10",Lana'thel,"Cowl of Malefic Repose",epic,51554,https://wowhead.com/wotlk/item=51554
"Icecrown Citadel N10",Lana'thel,"Ivory-Inlaid Leggings",epic,51550,https://wowhead.com/wotlk/item=51550
"Icecrown Citadel N10",Lana'thel,"Lana'thel's Bloody Nail",epic,51553,https://wowhead.com/wotlk/item=51553
"Icecrown Citadel N10",Lana'thel,"Protector's Mark of Sanctification",epic,52026,https://wowhead.com/wotlk/item=52026
"Icecrown Citadel N10",Lana'thel,"Seal of the Twilight Queen",epic,51387,https://wowhead.com/wotlk/item=51387
"Icecrown Citadel N10",Lana'thel,"Shoulderpads of the Searing Kiss",epic,51552,https://wowhead.com/wotlk/item=51552
"Icecrown Citadel N10",Lana'thel,Stakethrower,epic,51385,https://wowhead.com/wotlk/item=51385
"Icecrown Citadel N10",Lana'thel,"Throatrender Handguards",epic,51386,https://wowhead.com/wotlk/item=51386
"Icecrown Citadel N10",Lana'thel,"Tightening Waistband",epic,51555,https://wowhead.com/wotlk/item=51555
"Icecrown Citadel N10",Lana'thel,"Vanquisher's Mark of Sanctification",epic,52025,https://wowhead.com/wotlk/item=52025
"Icecrown Citadel N10",Lana'thel,"Veincrusher Gauntlets",epic,51556,https://wowhead.com/wotlk/item=51556
"Icecrown Citadel N10",Valithria,"Dreamhunter's Carbine",epic,51561,https://wowhead.com/wotlk/item=51561
"Icecrown Citadel N10",Valithria,"Emerald Saint's Spaulders",epic,51586,https://wowhead.com/wotlk/item=51586
"Icecrown Citadel N10",Valithria,"Ironrope Belt of Ymirjar",epic,51564,https://wowhead.com/wotlk/item=51564
"Icecrown Citadel N10",Valithria,"Leggings of the Refracted Mind",epic,51777,https://wowhead.com/wotlk/item=51777
"Icecrown Citadel N10",Valithria,"Legguards of the Twisted Dream",epic,51566,https://wowhead.com/wotlk/item=51566
"Icecrown Citadel N10",Valithria,"Lich Wrappings",epic,51584,https://wowhead.com/wotlk/item=51584
"Icecrown Citadel N10",Valithria,Oxheart,epic,51562,https://wowhead.com/wotlk/item=51562
"Icecrown Citadel N10",Valithria,"Sister Svalna's Aether Staff",epic,51582,https://wowhead.com/wotlk/item=51582
"Icecrown Citadel N10",Valithria,"Sister Svalna's Spangenhelm",epic,51585,https://wowhead.com/wotlk/item=51585
"Icecrown Citadel N10",Valithria,"Skinned Whelp Shoulders",epic,51565,https://wowhead.com/wotlk/item=51565
"Icecrown Citadel N10",Valithria,"Stormbringer Gloves",epic,51583,https://wowhead.com/wotlk/item=51583
"Icecrown Citadel N10",Valithria,"Taiga Bindings",epic,51563,https://wowhead.com/wotlk/item=51563
"Icecrown Citadel N10",Sindragosa,"Bleak Coldarra Carver",epic,51788,https://wowhead.com/wotlk/item=51788
"Icecrown Citadel N10",Sindragosa,"Conqueror's Mark of Sanctification",epic,52027,https://wowhead.com/wotlk/item=52027
"Icecrown Citadel N10",Sindragosa,"Crystalline Essence of Sindragosa",poor,51026,https://wowhead.com/wotlk/item=51026
"Icecrown Citadel N10",Sindragosa,"Etched Dragonbone Girdle",epic,51782,https://wowhead.com/wotlk/item=51782
"Icecrown Citadel N10",Sindragosa,"Icicle Shapers",epic,51789,https://wowhead.com/wotlk/item=51789
"Icecrown Citadel N10",Sindragosa,"Legplates of Aetheric Strife",epic,51786,https://wowhead.com/wotlk/item=51786
"Icecrown Citadel N10",Sindragosa,"Lost Pavise of the Blue Flight",epic,51791,https://wowhead.com/wotlk/item=51791
"Icecrown Citadel N10",Sindragosa,"Protector's Mark of Sanctification",epic,52026,https://wowhead.com/wotlk/item=52026
"Icecrown Citadel N10",Sindragosa,"Rimetooth Pendant",epic,51779,https://wowhead.com/wotlk/item=51779
"Icecrown Citadel N10",Sindragosa,"Robes of Azure Downfall",epic,51790,https://wowhead.com/wotlk/item=51790
"Icecrown Citadel N10",Sindragosa,"Scourge Fanged Stompers",epic,51787,https://wowhead.com/wotlk/item=51787
"Icecrown Citadel N10",Sindragosa,"Shoulderguards of Crystalline Bone",epic,51792,https://wowhead.com/wotlk/item=51792
"Icecrown Citadel N10",Sindragosa,Splintershard,epic,51784,https://wowhead.com/wotlk/item=51784
"Icecrown Citadel N10",Sindragosa,"Vambraces of the Frost Wyrm Queen",epic,51783,https://wowhead.com/wotlk/item=51783
"Icecrown Citadel N10",Sindragosa,"Vanquisher's Mark of Sanctification",epic,52025,https://wowhead.com/wotlk/item=52025
"Icecrown Citadel N10",Sindragosa,"Wyrmwing Treads",epic,51785,https://wowhead.com/wotlk/item=51785
"Icecrown Citadel N10","Lich King","Emblem of Frost",epic,49426,https://wowhead.com/wotlk/item=49426
"Icecrown Citadel N10","Lich King","Halion, Staff of Forgotten Love",epic,51799,https://wowhead.com/wotlk/item=51799
"Icecrown Citadel N10","Lich King","Pugius, Fist of Defiance",epic,51801,https://wowhead.com/wotlk/item=51801
"Icecrown Citadel N10","Lich King","Stormfury, Black Blade of the Betrayer",epic,51800,https://wowhead.com/wotlk/item=51800
"Icecrown Citadel N10","Lich King","Tainted Twig of Nordrassil",epic,51797,https://wowhead.com/wotlk/item=51797
"Icecrown Citadel N10","Lich King","Tel'thas, Dagger of the Blood King",epic,51803,https://wowhead.com/wotlk/item=51803
"Icecrown Citadel N10","Lich King","Troggbane, Axe of the Frostborne King",epic,51795,https://wowhead.com/wotlk/item=51795
"Icecrown Citadel N10","Lich King","Valius, Gavel of the Lightbringer",epic,51798,https://wowhead.com/wotlk/item=51798
"Icecrown Citadel N10","Lich King","Warmace of Menethil",epic,51796,https://wowhead.com/wotlk/item=51796
"Icecrown Citadel N10","Lich King","Windrunner's Heartseeker",epic,51802,https://wowhead.com/wotlk/item=51802