"Ulduar N25",Trash,"Belt of the Sleeper",epic,45548,https://wowhead.com/wotlk/item=45548
"Ulduar N25",Trash,"Bladebearer's Signet",epic,45540,https://wowhead.com/wotlk/item=45540
"Ulduar N25",Trash,"Daschal's Bite",epic,45605,https://wowhead.com/wotlk/item=45605
"Ulduar N25",Trash,"Greaves of the Stonewarder",epic,45542,https://wowhead.com/wotlk/item=45542
"Ulduar N25",Trash,"Grips of Chaos",epic,45549,https://wowhead.com/wotlk/item=45549
"Ulduar N25",Trash,"Leggings of the Tortured Earth",epic,45544,https://wowhead.com/wotlk/item=45544
"Ulduar N25",Trash,"Pendant of Focused Energies",epic,45539,https://wowhead.com/wotlk/item=45539
"Ulduar N25",Trash,"Relic Hunter's Cord",epic,45547,https://wowhead.com/wotlk/item=45547
"Ulduar N25",Trash,"Shoulders of Misfortune",epic,45543,https://wowhead.com/wotlk/item=45543
"Ulduar N25",Trash,"Shroud of Alteration",epic,45541,https://wowhead.com/wotlk/item=45541
"Ulduar N25",Trash,"Titanstone Pendant",epic,45538,https://wowhead.com/wotlk/item=45538
"Ulduar N25",Recipes,"Formula: Enchant Weapon - Blade Ward",epic,46027,https://wowhead.com/wotlk/item=46027
"Ulduar N25",Recipes,"Formula: Enchant Weapon - Blood Draining",epic,46348,https://wowhead.com/wotlk/item=46348
"Ulduar N25",Recipes,"Pattern: Belt of Arctic Life",epic,45100,https://wowhead.com/wotlk/item=45100
"Ulduar N25",Recipes,"Pattern: Belt of Dragons",epic,45094,https://wowhead.com/wotlk/item=45094
"Ulduar N25",Recipes,"Pattern: Blue Belt of Chaos",epic,45096,https://wowhead.com/wotlk/item=45096
"Ulduar N25",Recipes,"Pattern: Boots of Living Scale",epic,45095,https://wowhead.com/wotlk/item=45095
"Ulduar N25",Recipes,"Pattern: Boots of Wintry Endurance",epic,45101,https://wowhead.com/wotlk/item=45101
"Ulduar N25",Recipes,"Pattern: Cord of the White Dawn",epic,45104,https://wowhead.com/wotlk/item=45104
"Ulduar N25",Recipes,"Pattern: Death-warmed Belt",epic,45098,https://wowhead.com/wotlk/item=45098
"Ulduar N25",Recipes,"Pattern: Footpads of Silence",epic,45099,https://wowhead.com/wotlk/item=45099
"Ulduar N25",Recipes,"Pattern: Lightning Grounded Boots",epic,45097,https://wowhead.com/wotlk/item=45097
"Ulduar N25",Recipes,"Pattern: Sash of Ancient Power",epic,45102,https://wowhead.com/wotlk/item=45102
"Ulduar N25",Recipes,"Pattern: Savior's Slippers",epic,45105,https://wowhead.com/wotlk/item=45105
"Ulduar N25",Recipes,"Pattern: Spellslinger's Slippers",epic,45103,https://wowhead.com/wotlk/item=45103
"Ulduar N25",Recipes,"Plans: Battlelord's Plate Boots",epic,45089,https://wowhead.com/wotlk/item=45089
"Ulduar N25",Recipes,"Plans: Belt of the Titans",epic,45088,https://wowhead.com/wotlk/item=45088
"Ulduar N25",Recipes,"Plans: Indestructible Plate Girdle",epic,45092,https://wowhead.com/wotlk/item=45092
"Ulduar N25",Recipes,"Plans: Plate Girdle of Righteousness",epic,45090,https://wowhead.com/wotlk/item=45090
"Ulduar N25",Recipes,"Plans: Spiked Deathdealers",epic,45093,https://wowhead.com/wotlk/item=45093
"Ulduar N25",Recipes,"Plans: Treads of Destiny",epic,45091,https://wowhead.com/wotlk/item=45091
"Ulduar N25",Tokens,"Runed Orb",rare,45087,https://wowhead.com/wotlk/item=45087
"Ulduar N25",Leviathan,"Boots of Fiery Resolution",epic,45135,https://wowhead.com/wotlk/item=45135
"Ulduar N25",Leviathan,"Constructor's Handwraps",epic,45117,https://wowhead.com/wotlk/item=45117
"Ulduar N25",Leviathan,"Embrace of the Leviathan",epic,45119,https://wowhead.com/wotlk/item=45119
"Ulduar N25",Leviathan,"Freya's Choker of Warding",epic,45116,https://wowhead.com/wotlk/item=45116
"Ulduar N25",Leviathan,"Gloves of the Fiery Behemoth",epic,45109,https://wowhead.com/wotlk/item=45109
"Ulduar N25",Leviathan,"Glowing Ring of Reclamation",epic,45113,https://wowhead.com/wotlk/item=45113
"Ulduar N25",Leviathan,"Golden Saronite Dragon",epic,45132,https://wowhead.com/wotlk/item=45132
"Ulduar N25",Leviathan,"Iron Riveted War Helm",epic,45107,https://wowhead.com/wotlk/item=45107
"Ulduar N25",Leviathan,"Leviathan Fueling Manual",epic,45115,https://wowhead.com/wotlk/item=45115
"Ulduar N25",Leviathan,"Mechanist's Bindings",epic,45108,https://wowhead.com/wotlk/item=45108
"Ulduar N25",Leviathan,"Mimiron's Inferno Couplings",epic,45111,https://wowhead.com/wotlk/item=45111
"Ulduar N25",Leviathan,"Pendant of Fiery Havoc",epic,45133,https://wowhead.com/wotlk/item=45133
"Ulduar N25",Leviathan,"Plated Leggings of Ruination",epic,45134,https://wowhead.com/wotlk/item=45134
"Ulduar N25",Leviathan,"Rising Sun",epic,45086,https://wowhead.com/wotlk/item=45086
"Ulduar N25",Leviathan,"Shoulderpads of Dormant Energies",epic,45136,https://wowhead.com/wotlk/item=45136
"Ulduar N25",Leviathan,"Steamcaller's Totem",epic,45114,https://wowhead.com/wotlk/item=45114
"Ulduar N25",Leviathan,"Steamworker's Goggles",epic,45118,https://wowhead.com/wotlk/item=45118
"Ulduar N25",Leviathan,"Strength of the Automaton",epic,45106,https://wowhead.com/wotlk/item=45106
"Ulduar N25",Leviathan,"The Leviathan's Coil",epic,45112,https://wowhead.com/wotlk/item=45112
"Ulduar N25",Leviathan,Titanguard,epic,45110,https://wowhead.com/wotlk/item=45110
"Ulduar N25",Ignis,"Charred Saronite Greaves",epic,45166,https://wowhead.com/wotlk/item=45166
"Ulduar N25",Ignis,"Cindershard Ring",epic,45157,https://wowhead.com/wotlk/item=45157
"Ulduar N25",Ignis,"Flamestalker Boots",epic,45162,https://wowhead.com/wotlk/item=45162
"Ulduar N25",Ignis,"Flamewrought Cinch",epic,45185,https://wowhead.com/wotlk/item=45185
"Ulduar N25",Ignis,"Fragment of Val'anyr",legendary,45038,https://wowhead.com/wotlk/item=45038
"Ulduar N25",Ignis,"Girdle of Embers",epic,45161,https://wowhead.com/wotlk/item=45161
"Ulduar N25",Ignis,"Heart of Iron",epic,45158,https://wowhead.com/wotlk/item=45158
"Ulduar N25",Ignis,"Helm of the Furnace Master",epic,45164,https://wowhead.com/wotlk/item=45164
"Ulduar N25",Ignis,Intensity,epic,45171,https://wowhead.com/wotlk/item=45171
"Ulduar N25",Ignis,"Lifeforge Breastplate",epic,45167,https://wowhead.com/wotlk/item=45167
"Ulduar N25",Ignis,"Pyrelight Circle",epic,45168,https://wowhead.com/wotlk/item=45168
"Ulduar N25",Ignis,"Scepter of Creation",epic,45170,https://wowhead.com/wotlk/item=45170
"Ulduar N25",Ignis,"Soot-Covered Mantle",epic,45186,https://wowhead.com/wotlk/item=45186
"Ulduar N25",Ignis,"Totem of the Dancing Flame",epic,45169,https://wowhead.com/wotlk/item=45169
"Ulduar N25",Ignis,Worldcarver,epic,45165,https://wowhead.com/wotlk/item=45165
"Ulduar N25",Ignis,"Wristguards of the Firetender",epic,45187,https://wowhead.com/wotlk/item=45187
"Ulduar N25",Razorscale,"Belt of the Fallen Wyrm",epic,45151,https://wowhead.com/wotlk/item=45151
"Ulduar N25",Razorscale,"Bracers of the Broodmother",epic,45149,https://wowhead.com/wotlk/item=45149
"Ulduar N25",Razorscale,"Collar of the Wyrmhunter",epic,45150,https://wowhead.com/wotlk/item=45150
"Ulduar N25",Razorscale,"Dragonslayer's Brace",epic,45139,https://wowhead.com/wotlk/item=45139
"Ulduar N25",Razorscale,"Drape of the Drakerider",epic,45138,https://wowhead.com/wotlk/item=45138
"Ulduar N25",Razorscale,"Guiding Star",epic,45147,https://wowhead.com/wotlk/item=45147
"Ulduar N25",Razorscale,"Libram of Discord",epic,45510,https://wowhead.com/wotlk/item=45510
"Ulduar N25",Razorscale,"Living Flame",epic,45148,https://wowhead.com/wotlk/item=45148
"Ulduar N25",Razorscale,"Proto-hide Leggings",epic,45141,https://wowhead.com/wotlk/item=45141
"Ulduar N25",Razorscale,"Razorscale Shoulderguards",epic,45140,https://wowhead.com/wotlk/item=45140
"Ulduar N25",Razorscale,Remorse,epic,45142,https://wowhead.com/wotlk/item=45142
"Ulduar N25",Razorscale,"Saronite Mesh Legguards",epic,45143,https://wowhead.com/wotlk/item=45143
"Ulduar N25",Razorscale,"Shackles of the Odalisque",epic,45146,https://wowhead.com/wotlk/item=45146
"Ulduar N25",Razorscale,"Sigil of Deflection",epic,45144,https://wowhead.com/wotlk/item=45144
"Ulduar N25",Razorscale,"Veranus' Bane",epic,45137,https://wowhead.com/wotlk/item=45137
"Ulduar N25",XT-002,"Boots of Hasty Revival",epic,45260,https://wowhead.com/wotlk/item=45260
"Ulduar N25",XT-002,"Brass-lined Boots",epic,45249,https://wowhead.com/wotlk/item=45249
"Ulduar N25",XT-002,"Breastplate of the Devoted",epic,45445,https://wowhead.com/wotlk/item=45445
"Ulduar N25",XT-002,"Charm of Meticulous Timing",epic,45443,https://wowhead.com/wotlk/item=45443
"Ulduar N25",XT-002,"Clockwork Legplates",epic,45248,https://wowhead.com/wotlk/item=45248
"Ulduar N25",XT-002,"Crazed Construct Ring",epic,45250,https://wowhead.com/wotlk/item=45250
"Ulduar N25",XT-002,"Gloves of the Steady Hand",epic,45444,https://wowhead.com/wotlk/item=45444
"Ulduar N25",XT-002,"Golem-Shard Sticker",epic,45246,https://wowhead.com/wotlk/item=45246
"Ulduar N25",XT-002,"Grasps of Reason",epic,45446,https://wowhead.com/wotlk/item=45446
"Ulduar N25",XT-002,"Horologist's Wristguards",epic,45252,https://wowhead.com/wotlk/item=45252
"Ulduar N25",XT-002,"Mantle of Wavering Calm",epic,45253,https://wowhead.com/wotlk/item=45253
"Ulduar N25",XT-002,"Quartz Crystal Wand",epic,45257,https://wowhead.com/wotlk/item=45257
"Ulduar N25",XT-002,"Quartz-studded Harness",epic,45259,https://wowhead.com/wotlk/item=45259
"Ulduar N25",XT-002,"Sandals of Rash Temperament",epic,45258,https://wowhead.com/wotlk/item=45258
"Ulduar N25",XT-002,"Shoulderplates of the Deconstructor",epic,45251,https://wowhead.com/wotlk/item=45251
"Ulduar N25",XT-002,"Sigil of the Vengeful Heart",epic,45254,https://wowhead.com/wotlk/item=45254
"Ulduar N25",XT-002,"Signet of the Earthshaker",epic,45247,https://wowhead.com/wotlk/item=45247
"Ulduar N25",XT-002,"Sorthalis, Hammer of the Watchers",epic,45442,https://wowhead.com/wotlk/item=45442
"Ulduar N25",XT-002,"Thunderfall Totem",epic,45255,https://wowhead.com/wotlk/item=45255
"Ulduar N25",XT-002,"Twisted Visage",epic,45256,https://wowhead.com/wotlk/item=45256
"Ulduar N25",Assembly,"Ancient Iron Heaume",epic,45226,https://wowhead.com/wotlk/item=45226
"Ulduar N25",Assembly,"Belt of Colossal Rage",epic,45241,https://wowhead.com/wotlk/item=45241
"Ulduar N25",Assembly,"Drape of Mortal Downfall",epic,45242,https://wowhead.com/wotlk/item=45242
"Ulduar N25",Assembly,"Drape of the Lithe",epic,45224,https://wowhead.com/wotlk/item=45224
"Ulduar N25",Assembly,"Fang of Oblivion",epic,45607,https://wowhead.com/wotlk/item=45607
"Ulduar N25",Assembly,"Greaves of Swift Vengeance",epic,45244,https://wowhead.com/wotlk/item=45244
"Ulduar N25",Assembly,"Handguards of the Enclave",epic,45228,https://wowhead.com/wotlk/item=45228
"Ulduar N25",Assembly,"Insurmountable Fervor",epic,45193,https://wowhead.com/wotlk/item=45193
"Ulduar N25",Assembly,"Iron-studded Mantle",epic,45227,https://wowhead.com/wotlk/item=45227
"Ulduar N25",Assembly,"Overload Legwraps",epic,45238,https://wowhead.com/wotlk/item=45238
"Ulduar N25",Assembly,"Phaelia's Vestments of the Sprouting Seed",epic,45237,https://wowhead.com/wotlk/item=45237
"Ulduar N25",Assembly,"Radiant Seal",epic,45235,https://wowhead.com/wotlk/item=45235
"Ulduar N25",Assembly,"Raiments of the Iron Council",epic,45240,https://wowhead.com/wotlk/item=45240
"Ulduar N25",Assembly,Rapture,epic,45234,https://wowhead.com/wotlk/item=45234
"Ulduar N25",Assembly,"Runed Ironhide Boots",epic,45232,https://wowhead.com/wotlk/item=45232
"Ulduar N25",Assembly,"Runeshaper's Gloves",epic,45239,https://wowhead.com/wotlk/item=45239
"Ulduar N25",Assembly,"Sapphire Amulet of Renewal",epic,45243,https://wowhead.com/wotlk/item=45243
"Ulduar N25",Assembly,"Shoulderpads of the Intruder",epic,45245,https://wowhead.com/wotlk/item=45245
"Ulduar N25",Assembly,"Steelbreaker's Embrace",epic,45225,https://wowhead.com/wotlk/item=45225
"Ulduar N25",Assembly,"Stormrune Edge",epic,45233,https://wowhead.com/wotlk/item=45233
"Ulduar N25",Assembly,"Unblinking Eye",epic,45236,https://wowhead.com/wotlk/item=45236
"Ulduar N25",Kologarn,"Bracers of Unleashed Magic",epic,45275,https://wowhead.com/wotlk/item=45275
"Ulduar N25",Kologarn,"Decimator's Armguards",epic,45264,https://wowhead.com/wotlk/item=45264
"Ulduar N25",Kologarn,"Giant's Bane",epic,45261,https://wowhead.com/wotlk/item=45261
"Ulduar N25",Kologarn,"Gloves of the Pythonic Guardian",epic,45268,https://wowhead.com/wotlk/item=45268
"Ulduar N25",Kologarn,"Handwraps of Plentiful Recovery",epic,45273,https://wowhead.com/wotlk/item=45273
"Ulduar N25",Kologarn,"Idol of the Crying Wind",epic,45270,https://wowhead.com/wotlk/item=45270
"Ulduar N25",Kologarn,Ironmender,epic,45271,https://wowhead.com/wotlk/item=45271
"Ulduar N25",Kologarn,"Leggings of the Stoneweaver",epic,45274,https://wowhead.com/wotlk/item=45274
"Ulduar N25",Kologarn,Malice,epic,45266,https://wowhead.com/wotlk/item=45266
"Ulduar N25",Kologarn,"Necklace of Unerring Mettle",epic,45262,https://wowhead.com/wotlk/item=45262
"Ulduar N25",Kologarn,"Robes of the Umbral Brute",epic,45272,https://wowhead.com/wotlk/item=45272
"Ulduar N25",Kologarn,"Saronite Plated Legguards",epic,45267,https://wowhead.com/wotlk/item=45267
"Ulduar N25",Kologarn,"Shoulderpads of the Monolith",epic,45265,https://wowhead.com/wotlk/item=45265
"Ulduar N25",Kologarn,"Unfaltering Armguards",epic,45269,https://wowhead.com/wotlk/item=45269
"Ulduar N25",Kologarn,Wrathstone,epic,45263,https://wowhead.com/wotlk/item=45263
"Ulduar N25",Auriaya,"Amice of the Stoic Watch",epic,45440,https://wowhead.com/wotlk/item=45440
"Ulduar N25",Auriaya,"Cloak of the Makers",epic,45319,https://wowhead.com/wotlk/item=45319
"Ulduar N25",Auriaya,"Cowl of the Absolute",epic,45435,https://wowhead.com/wotlk/item=45435
"Ulduar N25",Auriaya,"Gloves of the Stonereaper",epic,45325,https://wowhead.com/wotlk/item=45325
"Ulduar N25",Auriaya,"Greaves of the Rockmender",epic,45434,https://wowhead.com/wotlk/item=45434
"Ulduar N25",Auriaya,"Libram of the Resolute",epic,45436,https://wowhead.com/wotlk/item=45436
"Ulduar N25",Auriaya,"Platinum Band of the Aesir",epic,45326,https://wowhead.com/wotlk/item=45326
"Ulduar N25",Auriaya,"Ring of the Faithful Servant",epic,45438,https://wowhead.com/wotlk/item=45438
"Ulduar N25",Auriaya,"Runescribed Blade",epic,45437,https://wowhead.com/wotlk/item=45437
"Ulduar N25",Auriaya,"Sandals of the Ancient Keeper",epic,45441,https://wowhead.com/wotlk/item=45441
"Ulduar N25",Auriaya,"Shoulderplates of the Eternal",epic,45320,https://wowhead.com/wotlk/item=45320
"Ulduar N25",Auriaya,"Siren's Cry",epic,45327,https://wowhead.com/wotlk/item=45327
"Ulduar N25",Auriaya,Stonerender,epic,45315,https://wowhead.com/wotlk/item=45315
"Ulduar N25",Auriaya,"Unbreakable Chestguard",epic,45334,https://wowhead.com/wotlk/item=45334
"Ulduar N25",Auriaya,"Unwavering Stare",epic,45439,https://wowhead.com/wotlk/item=45439
"Ulduar N25",Algalon,"Boundless Gaze",epic,45610,https://wowhead.com/wotlk/item=45610
"Ulduar N25",Algalon,"Bulwark of Algalon",epic,45587,https://wowhead.com/wotlk/item=45587
"Ulduar N25",Algalon,"Comet's Trail",epic,45609,https://wowhead.com/wotlk/item=45609
"Ulduar N25",Algalon,Constellus,epic,45612,https://wowhead.com/wotlk/item=45612
"Ulduar N25",Algalon,Cosmos,epic,45617,https://wowhead.com/wotlk/item=45617
"Ulduar N25",Algalon,Dreambinder,epic,45613,https://wowhead.com/wotlk/item=45613
"Ulduar N25",Algalon,"Fang of Oblivion",epic,45607,https://wowhead.com/wotlk/item=45607
"Ulduar N25",Algalon,"Fragment of Val'anyr",legendary,45038,https://wowhead.com/wotlk/item=45038
"Ulduar N25",Algalon,"Legplates of the Endless Void",epic,45594,https://wowhead.com/wotlk/item=45594
"Ulduar N25",Algalon,"Pharos Gloves",epic,45665,https://wowhead.com/wotlk/item=45665
"Ulduar N25",Algalon,"Planewalker Treads",epic,45615,https://wowhead.com/wotlk/item=45615
"Ulduar N25",Algalon,"Reply-Code Alpha",epic,46053,https://wowhead.com/wotlk/item=46053
"Ulduar N25",Algalon,"Sabatons of Lifeless Night",epic,45599,https://wowhead.com/wotlk/item=45599
"Ulduar N25",Algalon,"Skyforge Crossbow",epic,45570,https://wowhead.com/wotlk/item=45570
"Ulduar N25",Algalon,"Solar Bindings",epic,45611,https://wowhead.com/wotlk/item=45611
"Ulduar N25",Algalon,"Star-beaded Clutch",epic,45616,https://wowhead.com/wotlk/item=45616
"Ulduar N25",Algalon,"Starshard Edge",epic,45620,https://wowhead.com/wotlk/item=45620
"Ulduar N25",Algalon,"Starwatcher's Binding",epic,45619,https://wowhead.com/wotlk/item=45619
"Ulduar N25",Freya,Bladetwister,epic,45484,https://wowhead.com/wotlk/item=45484
"Ulduar N25",Freya,"Boots of the Servant",epic,45483,https://wowhead.com/wotlk/item=45483
"Ulduar N25",Freya,"Bronze Pendant of the Vanir",epic,45485,https://wowhead.com/wotlk/item=45485
"Ulduar N25",Freya,"Drape of the Sullen Goddess",epic,45486,https://wowhead.com/wotlk/item=45486
"Ulduar N25",Freya,Dreambinder,epic,45613,https://wowhead.com/wotlk/item=45613
"Ulduar N25",Freya,"Gauntlets of Ruthless Reprisal",epic,45481,https://wowhead.com/wotlk/item=45481
"Ulduar N25",Freya,"Handguards of Revitalization",epic,45487,https://wowhead.com/wotlk/item=45487
"Ulduar N25",Freya,"Leggings of the Enslaved Idol",epic,45488,https://wowhead.com/wotlk/item=45488
"Ulduar N25",Freya,"Leggings of the Lifetender",epic,45482,https://wowhead.com/wotlk/item=45482
"Ulduar N25",Freya,"Nymph Heart Charm",epic,45480,https://wowhead.com/wotlk/item=45480
"Ulduar N25",Freya,"The Lifebinder",epic,45479,https://wowhead.com/wotlk/item=45479
"Ulduar N25",Hodir,"Frost-bound Chain Bracers",epic,45454,https://wowhead.com/wotlk/item=45454
"Ulduar N25",Hodir,"Frostplate Greaves",epic,45452,https://wowhead.com/wotlk/item=45452
"Ulduar N25",Hodir,"Frozen Loop",epic,45451,https://wowhead.com/wotlk/item=45451
"Ulduar N25",Hodir,"Northern Barrier",epic,45450,https://wowhead.com/wotlk/item=45450
"Ulduar N25",Hodir,"Winter's Icy Embrace",epic,45453,https://wowhead.com/wotlk/item=45453
"Ulduar N25",Thorim,"Belt of the Betrayed",epic,45467,https://wowhead.com/wotlk/item=45467
"Ulduar N25",Thorim,"Crown of the Wayward Conqueror",epic,45638,https://wowhead.com/wotlk/item=45638
"Ulduar N25",Thorim,"Crown of the Wayward Protector",epic,45639,https://wowhead.com/wotlk/item=45639
"Ulduar N25",Thorim,"Crown of the Wayward Vanquisher",epic,45640,https://wowhead.com/wotlk/item=45640
"Ulduar N25",Thorim,"Embrace of the Gladiator",epic,45473,https://wowhead.com/wotlk/item=45473
"Ulduar N25",Thorim,"Fate's Clutch",epic,45471,https://wowhead.com/wotlk/item=45471
"Ulduar N25",Thorim,"Fragment of Val'anyr",legendary,45038,https://wowhead.com/wotlk/item=45038
"Ulduar N25",Thorim,"Leggings of Lost Love",epic,45468,https://wowhead.com/wotlk/item=45468
"Ulduar N25",Thorim,"Pauldrons of the Combatant",epic,45474,https://wowhead.com/wotlk/item=45474
"Ulduar N25",Thorim,"Scale of Fates",epic,45466,https://wowhead.com/wotlk/item=45466
"Ulduar N25",Thorim,"Sif's Promise",epic,45469,https://wowhead.com/wotlk/item=45469
"Ulduar N25",Thorim,"Skyforge Crossbow",epic,45570,https://wowhead.com/wotlk/item=45570
"Ulduar N25",Thorim,"Vulmir, the Northern Tempest",epic,45463,https://wowhead.com/wotlk/item=45463
"Ulduar N25",Thorim,"Warhelm of the Champion",epic,45472,https://wowhead.com/wotlk/item=45472
"Ulduar N25",Thorim,"Wisdom's Hold",epic,45470,https://wowhead.com/wotlk/item=45470
"Ulduar N25",Mimiron,"Armbands of Bedlam",epic,45663,https://wowhead.com/wotlk/item=45663
"Ulduar N25",Mimiron,"Asimov's Drape",epic,45493,https://wowhead.com/wotlk/item=45493
"Ulduar N25",Mimiron,"Conductive Seal",epic,45495,https://wowhead.com/wotlk/item=45495
"Ulduar N25",Mimiron,"Crown of Luminescence",epic,45497,https://wowhead.com/wotlk/item=45497
"Ulduar N25",Mimiron,"Delirium's Touch",epic,45494,https://wowhead.com/wotlk/item=45494
"Ulduar N25",Mimiron,"Fragment of Val'anyr",legendary,45038,https://wowhead.com/wotlk/item=45038
"Ulduar N25",Mimiron,"Gauntlets of the Wayward Conqueror",epic,45641,https://wowhead.com/wotlk/item=45641
"Ulduar N25",Mimiron,"Gauntlets of the Wayward Protector",epic,45642,https://wowhead.com/wotlk/item=45642
"Ulduar N25",Mimiron,"Gauntlets of the Wayward Vanquisher",epic,45643,https://wowhead.com/wotlk/item=45643
"Ulduar N25",Mimiron,"Insanity's Grip",epic,45489,https://wowhead.com/wotlk/item=45489
"Ulduar N25",Mimiron,"Malleable Steelweave Mantle",epic,45492,https://wowhead.com/wotlk/item=45492
"Ulduar N25",Mimiron,"Pandora's Plea",epic,45490,https://wowhead.com/wotlk/item=45490
"Ulduar N25",Mimiron,"Starshard Edge",epic,45620,https://wowhead.com/wotlk/item=45620
"Ulduar N25",Mimiron,"Titanskin Cloak",epic,45496,https://wowhead.com/wotlk/item=45496
"Ulduar N25",Mimiron,"Waistguard of the Creator",epic,45491,https://wowhead.com/wotlk/item=45491
"Ulduar N25",Vezax,"Belt of Clinging Hope",epic,45505,https://wowhead.com/wotlk/item=45505
"Ulduar N25",Vezax,"Belt of the Darkspeaker",epic,45508,https://wowhead.com/wotlk/item=45508
"Ulduar N25",Vezax,"Boots of the Forgotten Depths",epic,45513,https://wowhead.com/wotlk/item=45513
"Ulduar N25",Vezax,"Boots of the Underdweller",epic,45501,https://wowhead.com/wotlk/item=45501
"Ulduar N25",Vezax,"Darkcore Leggings",epic,45504,https://wowhead.com/wotlk/item=45504
"Ulduar N25",Vezax,"Flare of the Heavens",epic,45518,https://wowhead.com/wotlk/item=45518
"Ulduar N25",Vezax,"Grips of the Unbroken",epic,45512,https://wowhead.com/wotlk/item=45512
"Ulduar N25",Vezax,"Handwraps of the Vigilant",epic,45520,https://wowhead.com/wotlk/item=45520
"Ulduar N25",Vezax,"Helm of the Faceless",epic,45502,https://wowhead.com/wotlk/item=45502
"Ulduar N25",Vezax,"Idol of the Corruptor",epic,45509,https://wowhead.com/wotlk/item=45509
"Ulduar N25",Vezax,"Libram of the Sacred Shield",epic,45145,https://wowhead.com/wotlk/item=45145
"Ulduar N25",Vezax,"Lotrafen, Spear of the Damned",epic,45498,https://wowhead.com/wotlk/item=45498
"Ulduar N25",Vezax,"Mantle of the Unknowing",epic,45514,https://wowhead.com/wotlk/item=45514
"Ulduar N25",Vezax,"Metallic Loop of the Sufferer",epic,45503,https://wowhead.com/wotlk/item=45503
"Ulduar N25",Vezax,"Pendulum of Infinity",epic,45517,https://wowhead.com/wotlk/item=45517
"Ulduar N25",Vezax,"Ring of the Vacant Eye",epic,45515,https://wowhead.com/wotlk/item=45515
"Ulduar N25",Vezax,"Scepter of Lost Souls",epic,45511,https://wowhead.com/wotlk/item=45511
"Ulduar N25",Vezax,"The General's Heart",epic,45507,https://wowhead.com/wotlk/item=45507
"Ulduar N25",Vezax,"Vestments of the Blind Denizen",epic,45519,https://wowhead.com/wotlk/item=45519
"Ulduar N25",Vezax,"Voldrethar, Dark Blade of Oblivion",epic,45516,https://wowhead.com/wotlk/item=45516
"Ulduar N25",Yogg-Saron,"Blood of the Old God",epic,45522,https://wowhead.com/wotlk/item=45522
"Ulduar N25",Yogg-Saron,"Chestguard of Insidious Intent",epic,45524,https://wowhead.com/wotlk/item=45524
"Ulduar N25",Yogg-Saron,"Chestguard of the Fallen God",epic,45531,https://wowhead.com/wotlk/item=45531
"Ulduar N25",Yogg-Saron,"Cowl of Dark Whispers",epic,45532,https://wowhead.com/wotlk/item=45532
"Ulduar N25",Yogg-Saron,"Dark Edge of Depravity",epic,45533,https://wowhead.com/wotlk/item=45533
"Ulduar N25",Yogg-Saron,Earthshaper,epic,45521,https://wowhead.com/wotlk/item=45521
"Ulduar N25",Yogg-Saron,"Fragment of Val'anyr",legendary,45038,https://wowhead.com/wotlk/item=45038
"Ulduar N25",Yogg-Saron,"Garona's Guise",epic,45523,https://wowhead.com/wotlk/item=45523
"Ulduar N25",Yogg-Saron,"Godbane Signet",epic,45525,https://wowhead.com/wotlk/item=45525
"Ulduar N25",Yogg-Saron,"Legguards of Cunning Deception",epic,45536,https://wowhead.com/wotlk/item=45536
"Ulduar N25",Yogg-Saron,"Mantle of the Wayward Conqueror",epic,45656,https://wowhead.com/wotlk/item=45656
"Ulduar N25",Yogg-Saron,"Mantle of the Wayward Protector",epic,45657,https://wowhead.com/wotlk/item=45657
"Ulduar N25",Yogg-Saron,"Mantle of the Wayward Vanquisher",epic,45658,https://wowhead.com/wotlk/item=45658
"Ulduar N25",Yogg-Saron,"Mimiron's Head",epic,45693,https://wowhead.com/wotlk/item=45693
"Ulduar N25",Yogg-Saron,"Reforged Hammer of Ancient Kings",legendary,45897,https://wowhead.com/wotlk/item=45897
"Ulduar N25",Yogg-Saron,"Sanity's Bond",epic,45530,https://wowhead.com/wotlk/item=45530
"Ulduar N25",Yogg-Saron,"Seal of the Betrayed King",epic,45534,https://wowhead.com/wotlk/item=45534
"Ulduar N25",Yogg-Saron,"Shawl of Haunted Memories",epic,45529,https://wowhead.com/wotlk/item=45529
"Ulduar N25",Yogg-Saron,"Show of Faith",epic,45535,https://wowhead.com/wotlk/item=45535
"Ulduar N25",Yogg-Saron,Soulscribe,epic,45527,https://wowhead.com/wotlk/item=45527
"Ulduar N25",Yogg-Saron,"Treads of the False Oracle",epic,45537,https://wowhead.com/wotlk/item=45537
"Ulduar N10",Trash,"Adamant Handguards",epic,46340,https://wowhead.com/wotlk/item=46340
"Ulduar N10",Trash,"Bloodcrush Cudgel",epic,46351,https://wowhead.com/wotlk/item=46351
"Ulduar N10",Trash,"Boots of Unsettled Prey",epic,46346,https://wowhead.com/wotlk/item=46346
"Ulduar N10",Trash,"Bracers of Righteous Reformation",epic,46345,https://wowhead.com/wotlk/item=46345
"Ulduar N10",Trash,"Cloak of the Dormant Blaze",epic,46347,https://wowhead.com/wotlk/item=46347
"Ulduar N10",Trash,"Drape of the Spellweaver",epic,46341,https://wowhead.com/wotlk/item=46341
"Ulduar N10",Trash,"Fervor of the Protectorate",epic,46343,https://wowhead.com/wotlk/item=46343
"Ulduar N10",Trash,"Golemheart Longbow",epic,46342,https://wowhead.com/wotlk/item=46342
"Ulduar N10",Trash,"Iceshear Mantle",epic,46344,https://wowhead.com/wotlk/item=46344
"Ulduar N10",Trash,"Mimiron's Repeater",epic,46339,https://wowhead.com/wotlk/item=46339
"Ulduar N10",Trash,"Pillar of Fortitude",epic,46350,https://wowhead.com/wotlk/item=46350
"Ulduar N10",Recipes,"Pattern: Belt of Arctic Life",epic,45100,https://wowhead.com/wotlk/item=45100
"Ulduar N10",Recipes,"Pattern: Belt of Dragons",epic,45094,https://wowhead.com/wotlk/item=45094
"Ulduar N10",Recipes,"Pattern: Blue Belt of Chaos",epic,45096,https://wowhead.com/wotlk/item=45096
"Ulduar N10",Recipes,"Pattern: Boots of Living Scale",epic,45095,https://wowhead.com/wotlk/item=45095
"Ulduar N10",Recipes,"Pattern: Boots of Wintry Endurance",epic,45101,https://wowhead.com/wotlk/item=45101
"Ulduar N10",Recipes,"Pattern: Cord of the White Dawn",epic,45104,https://wowhead.com/wotlk/item=45104
"Ulduar N10",Recipes,"Pattern: Death-warmed Belt",epic,45098,https://wowhead.com/wotlk/item=45098
"Ulduar N10",Recipes,"Pattern: Footpads of Silence",epic,45099,https://wowhead.com/wotlk/item=45099
"Ulduar N10",Recipes,"Pattern: Lightning Grounded Boots",epic,45097,https://wowhead.com/wotlk/item=45097
"Ulduar N10",Recipes,"Pattern: Sash of Ancient Power",epic,45102,https://wowhead.com/wotlk/item=45102
"Ulduar N10",Recipes,"Pattern: Savior's Slippers",epic,45105,https://wowhead.com/wotlk/item=45105
"Ulduar N10",Recipes,"Pattern: Spellslinger's Slippers",epic,45103,https://wowhead.com/wotlk/item=45103
"Ulduar N10",Recipes,"Plans: Battlelord's Plate Boots",epic,45089,https://wowhead.com/wotlk/item=45089
"Ulduar N10",Recipes,"Plans: Belt of the Titans",epic,45088,https://wowhead.com/wotlk/item=45088
"Ulduar N10",Recipes,"Plans: Indestructible Plate Girdle",epic,45092,https://wowhead.com/wotlk/item=45092
"Ulduar N10",Recipes,"Plans: Plate Girdle of Righteousness",epic,45090,https://wowhead.com/wotlk/item=45090
"Ulduar N10",Recipes,"Plans: Spiked Deathdealers",epic,45093,https://wowhead.com/wotlk/item=45093
"Ulduar N10",Recipes,"Plans: Treads of Destiny",epic,45091,https://wowhead.com/wotlk/item=45091
"Ulduar N10",Tokens,"Runed Orb",rare,45087,https://wowhead.com/wotlk/item=45087
"Ulduar N10",Leviathan,"Combustion Bracers",epic,45291,https://wowhead.com/wotlk/item=45291
"Ulduar N10",Leviathan,"Energy Siphon",epic,45292,https://wowhead.com/wotlk/item=45292
"Ulduar N10",Leviathan,Firesoul,epic,45287,https://wowhead.com/wotlk/item=45287
"Ulduar N10",Leviathan,"Firestrider Chestguard",epic,45288,https://wowhead.com/wotlk/item=45288
"Ulduar N10",Leviathan,"Flamewatch Armguards",epic,45283,https://wowhead.com/wotlk/item=45283
"Ulduar N10",Leviathan,"Gilded Steel Legplates",epic,45295,https://wowhead.com/wotlk/item=45295
"Ulduar N10",Leviathan,"Handguards of Potent Cures",epic,45293,https://wowhead.com/wotlk/item=45293
"Ulduar N10",Leviathan,Ironsoul,epic,45282,https://wowhead.com/wotlk/item=45282
"Ulduar N10",Leviathan,"Kinetic Ripper",epic,45284,https://wowhead.com/wotlk/item=45284
"Ulduar N10",Leviathan,"Lifespark Visage",epic,45289,https://wowhead.com/wotlk/item=45289
"Ulduar N10",Leviathan,"Mantle of Fiery Vengeance",epic,45300,https://wowhead.com/wotlk/item=45300
"Ulduar N10",Leviathan,"Might of the Leviathan",epic,45285,https://wowhead.com/wotlk/item=45285
"Ulduar N10",Leviathan,"Pyrite Infuser",epic,45286,https://wowhead.com/wotlk/item=45286
"Ulduar N10",Leviathan,"Shimmering Seal",epic,45297,https://wowhead.com/wotlk/item=45297
"Ulduar N10",Leviathan,"Twirling Blades",epic,45296,https://wowhead.com/wotlk/item=45296
"Ulduar N10",Ignis,"Armbraces of the Vibrant Flame",epic,45316,https://wowhead.com/wotlk/item=45316
"Ulduar N10",Ignis,"Drape of Fuming Anger",epic,45318,https://wowhead.com/wotlk/item=45318
"Ulduar N10",Ignis,"Furnace Stone",epic,45313,https://wowhead.com/wotlk/item=45313
"Ulduar N10",Ignis,"Gauntlets of the Iron Furnace",epic,45310,https://wowhead.com/wotlk/item=45310
"Ulduar N10",Ignis,"Gloves of Smoldering Touch",epic,45312,https://wowhead.com/wotlk/item=45312
"Ulduar N10",Ignis,"Igniter Rod",epic,45314,https://wowhead.com/wotlk/item=45314
"Ulduar N10",Ignis,"Pauldrons of Tempered Will",epic,45321,https://wowhead.com/wotlk/item=45321
"Ulduar N10",Ignis,"Relentless Edge",epic,45311,https://wowhead.com/wotlk/item=45311
"Ulduar N10",Ignis,"Rifle of the Platinum Guard",epic,45309,https://wowhead.com/wotlk/item=45309
"Ulduar N10",Ignis,"Shawl of the Caretaker",epic,45317,https://wowhead.com/wotlk/item=45317
"Ulduar N10",Razorscale,"Band of Draconic Guile",epic,45303,https://wowhead.com/wotlk/item=45303
"Ulduar N10",Razorscale,"Binding of the Dragon Matriarch",epic,45306,https://wowhead.com/wotlk/item=45306
"Ulduar N10",Razorscale,"Bracers of the Smothering Inferno",epic,45301,https://wowhead.com/wotlk/item=45301
"Ulduar N10",Razorscale,"Breastplate of the Afterlife",epic,45305,https://wowhead.com/wotlk/item=45305
"Ulduar N10",Razorscale,"Dragonsteel Faceplate",epic,45299,https://wowhead.com/wotlk/item=45299
"Ulduar N10",Razorscale,"Eye of the Broodmother",epic,45308,https://wowhead.com/wotlk/item=45308
"Ulduar N10",Razorscale,"Ironscale Leggings",epic,45307,https://wowhead.com/wotlk/item=45307
"Ulduar N10",Razorscale,"Razorscale Talon",epic,45298,https://wowhead.com/wotlk/item=45298
"Ulduar N10",Razorscale,"Stormtempered Girdle",epic,45304,https://wowhead.com/wotlk/item=45304
"Ulduar N10",Razorscale,"Treads of the Invader",epic,45302,https://wowhead.com/wotlk/item=45302
"Ulduar N10",XT-002,"Aesir's Edge",epic,45868,https://wowhead.com/wotlk/item=45868
"Ulduar N10",XT-002,"Armbands of the Construct",epic,45680,https://wowhead.com/wotlk/item=45680
"Ulduar N10",XT-002,"Breastplate of the Stoneshaper",epic,45867,https://wowhead.com/wotlk/item=45867
"Ulduar N10",XT-002,"Chestplate of Vicious Potency",epic,45676,https://wowhead.com/wotlk/item=45676
"Ulduar N10",XT-002,"Conductive Cord",epic,45694,https://wowhead.com/wotlk/item=45694
"Ulduar N10",XT-002,"Fluxing Energy Coils",epic,45869,https://wowhead.com/wotlk/item=45869
"Ulduar N10",XT-002,"Gloves of Taut Grip",epic,45679,https://wowhead.com/wotlk/item=45679
"Ulduar N10",XT-002,"Helm of Veiled Energies",epic,45687,https://wowhead.com/wotlk/item=45687
"Ulduar N10",XT-002,"Magnetized Projectile Emitter",epic,45870,https://wowhead.com/wotlk/item=45870
"Ulduar N10",XT-002,"Plasma Foil",epic,45685,https://wowhead.com/wotlk/item=45685
"Ulduar N10",XT-002,"Power Enhancing Loop",epic,45675,https://wowhead.com/wotlk/item=45675
"Ulduar N10",XT-002,"Pulsing Spellshield",epic,45682,https://wowhead.com/wotlk/item=45682
"Ulduar N10",XT-002,"Seal of Ulduar",epic,45871,https://wowhead.com/wotlk/item=45871
"Ulduar N10",XT-002,"Treacherous Shoulderpads",epic,45677,https://wowhead.com/wotlk/item=45677
"Ulduar N10",XT-002,"Vest of the Glowing Crescent",epic,45686,https://wowhead.com/wotlk/item=45686
"Ulduar N10",Assembly,"Archivum Data Disc",epic,45506,https://wowhead.com/wotlk/item=45506
"Ulduar N10",Assembly,"Belt of the Crystal Tree",epic,45455,https://wowhead.com/wotlk/item=45455
"Ulduar N10",Assembly,"Belt of the Iron Servant",epic,45333,https://wowhead.com/wotlk/item=45333
"Ulduar N10",Assembly,"Boots of the Petrified Forest",epic,45378,https://wowhead.com/wotlk/item=45378
"Ulduar N10",Assembly,"Circlet of True Sight",epic,45329,https://wowhead.com/wotlk/item=45329
"Ulduar N10",Assembly,"Cloak of the Iron Council",epic,45322,https://wowhead.com/wotlk/item=45322
"Ulduar N10",Assembly,"Greaves of Iron Intensity",epic,45330,https://wowhead.com/wotlk/item=45330
"Ulduar N10",Assembly,"Lady Maye's Sapphire Ring",epic,45418,https://wowhead.com/wotlk/item=45418
"Ulduar N10",Assembly,"Leggings of Swift Reflexes",epic,45324,https://wowhead.com/wotlk/item=45324
"Ulduar N10",Assembly,"Loop of the Agile",epic,45456,https://wowhead.com/wotlk/item=45456
"Ulduar N10",Assembly,"Perilous Bite",epic,45448,https://wowhead.com/wotlk/item=45448
"Ulduar N10",Assembly,"Rune-Etched Nightblade",epic,45331,https://wowhead.com/wotlk/item=45331
"Ulduar N10",Assembly,"Runetouch Wristwraps",epic,45423,https://wowhead.com/wotlk/item=45423
"Ulduar N10",Assembly,Stormtip,epic,45332,https://wowhead.com/wotlk/item=45332
"Ulduar N10",Assembly,"The Masticator",epic,45449,https://wowhead.com/wotlk/item=45449
"Ulduar N10",Assembly,"Watchful Eye of Fate",epic,45447,https://wowhead.com/wotlk/item=45447
"Ulduar N10",Kologarn,"Emerald Signet Ring",epic,45702,https://wowhead.com/wotlk/item=45702
"Ulduar N10",Kologarn,"Greaves of the Earthbinder",epic,45701,https://wowhead.com/wotlk/item=45701
"Ulduar N10",Kologarn,"Mark of the Unyielding",epic,45696,https://wowhead.com/wotlk/item=45696
"Ulduar N10",Kologarn,"Pendant of the Piercing Glare",epic,45699,https://wowhead.com/wotlk/item=45699
"Ulduar N10",Kologarn,"Sabatons of the Iron Watcher",epic,45698,https://wowhead.com/wotlk/item=45698
"Ulduar N10",Kologarn,"Shawl of the Shattered Giant",epic,45704,https://wowhead.com/wotlk/item=45704
"Ulduar N10",Kologarn,"Shoulderguards of the Solemn Watch",epic,45697,https://wowhead.com/wotlk/item=45697
"Ulduar N10",Kologarn,"Spark of Hope",epic,45703,https://wowhead.com/wotlk/item=45703
"Ulduar N10",Kologarn,"Spire of Withering Dreams",epic,45695,https://wowhead.com/wotlk/item=45695
"Ulduar N10",Kologarn,Stoneguard,epic,45700,https://wowhead.com/wotlk/item=45700
"Ulduar N10",Auriaya,"Archaedas' Lost Legplates",epic,45708,https://wowhead.com/wotlk/item=45708
"Ulduar N10",Auriaya,"Chestplate of Titanic Fury",epic,45712,https://wowhead.com/wotlk/item=45712
"Ulduar N10",Auriaya,"Cover of the Keepers",epic,45864,https://wowhead.com/wotlk/item=45864
"Ulduar N10",Auriaya,"Elemental Focus Stone",epic,45866,https://wowhead.com/wotlk/item=45866
"Ulduar N10",Auriaya,"Ironaya's Discarded Mantle",epic,45711,https://wowhead.com/wotlk/item=45711
"Ulduar N10",Auriaya,"Mantle of the Preserver",epic,45832,https://wowhead.com/wotlk/item=45832
"Ulduar N10",Auriaya,"Nimble Climber's Belt",epic,45709,https://wowhead.com/wotlk/item=45709
"Ulduar N10",Auriaya,"Nurturing Touch",epic,45713,https://wowhead.com/wotlk/item=45713
"Ulduar N10",Auriaya,"Raiments of the Corrupted",epic,45865,https://wowhead.com/wotlk/item=45865
"Ulduar N10",Auriaya,"Shieldwall of the Breaker",epic,45707,https://wowhead.com/wotlk/item=45707
"Ulduar N10",Algalon,"Band of Lights",epic,46048,https://wowhead.com/wotlk/item=46048
"Ulduar N10",Algalon,"Breastplate of the Timeless",epic,46039,https://wowhead.com/wotlk/item=46039
"Ulduar N10",Algalon,"Dark Matter",epic,46038,https://wowhead.com/wotlk/item=46038
"Ulduar N10",Algalon,"Drape of the Messenger",epic,46042,https://wowhead.com/wotlk/item=46042
"Ulduar N10",Algalon,"Gloves of the Endless Dark",epic,46043,https://wowhead.com/wotlk/item=46043
"Ulduar N10",Algalon,"Meteorite Crystal",epic,46051,https://wowhead.com/wotlk/item=46051
"Ulduar N10",Algalon,"Nebula Band",epic,46046,https://wowhead.com/wotlk/item=46046
"Ulduar N10",Algalon,"Observer's Mantle",epic,46044,https://wowhead.com/wotlk/item=46044
"Ulduar N10",Algalon,"Pendant of the Somber Witness",epic,46047,https://wowhead.com/wotlk/item=46047
"Ulduar N10",Algalon,"Pulsar Gloves",epic,46045,https://wowhead.com/wotlk/item=46045
"Ulduar N10",Algalon,"Reply-Code Alpha",epic,46052,https://wowhead.com/wotlk/item=46052
"Ulduar N10",Algalon,"Shoulderplates of the Celestial Watch",epic,46037,https://wowhead.com/wotlk/item=46037
"Ulduar N10",Algalon,"Starfall Girdle",epic,46041,https://wowhead.com/wotlk/item=46041
"Ulduar N10",Algalon,"Starlight Treads",epic,46050,https://wowhead.com/wotlk/item=46050
"Ulduar N10",Algalon,"Strength of the Heavens",epic,46040,https://wowhead.com/wotlk/item=46040
"Ulduar N10",Algalon,"Zodiac Leggings",epic,46049,https://wowhead.com/wotlk/item=46049
"Ulduar N10",Freya,"Chestguard of the Lasher",epic,45941,https://wowhead.com/wotlk/item=45941
"Ulduar N10",Freya,"Fire Orchid Signet",epic,45946,https://wowhead.com/wotlk/item=45946
"Ulduar N10",Freya,"Gloves of Whispering Winds",epic,45943,https://wowhead.com/wotlk/item=45943
"Ulduar N10",Freya,"Ironbark Faceguard",epic,45935,https://wowhead.com/wotlk/item=45935
"Ulduar N10",Freya,"Legplates of Flourishing Resolve",epic,45936,https://wowhead.com/wotlk/item=45936
"Ulduar N10",Freya,"Petrified Ivy Sprig",epic,45294,https://wowhead.com/wotlk/item=45294
"Ulduar N10",Freya,"Seed of Budding Carnage",epic,45945,https://wowhead.com/wotlk/item=45945
"Ulduar N10",Freya,"Serilas, Blood Blade of Invar One-Arm",epic,45947,https://wowhead.com/wotlk/item=45947
"Ulduar N10",Freya,"Tunic of the Limber Stalker",epic,45940,https://wowhead.com/wotlk/item=45940
"Ulduar N10",Freya,"Unraveling Reach",epic,45934,https://wowhead.com/wotlk/item=45934
"Ulduar N10",Hodir,Avalanche,epic,45872,https://wowhead.com/wotlk/item=45872
"Ulduar N10",Hodir,"Cowl of Icy Breaths",epic,45464,https://wowhead.com/wotlk/item=45464
"Ulduar N10",Hodir,"Signet of Winter",epic,45874,https://wowhead.com/wotlk/item=45874
"Ulduar N10",Hodir,Stormedge,epic,45458,https://wowhead.com/wotlk/item=45458
"Ulduar N10",Hodir,"Winter's Frigid Embrace",epic,45873,https://wowhead.com/wotlk/item=45873
"Ulduar N10",Thorim,"Abyss Crystal",epic,34057,https://wowhead.com/wotlk/item=34057
"Ulduar N10",Thorim,"Belt of the Blood Pit",epic,45895,https://wowhead.com/wotlk/item=45895
"Ulduar N10",Thorim,"Combatant's Bootblade",epic,45930,https://wowhead.com/wotlk/item=45930
"Ulduar N10",Thorim,"Gauntlets of the Thunder God",epic,45928,https://wowhead.com/wotlk/item=45928
"Ulduar N10",Thorim,"Guise of the Midgard Serpent",epic,45893,https://wowhead.com/wotlk/item=45893
"Ulduar N10",Thorim,"Handwraps of Resonance",epic,45927,https://wowhead.com/wotlk/item=45927
"Ulduar N10",Thorim,"Legacy of Thunder",epic,45892,https://wowhead.com/wotlk/item=45892
"Ulduar N10",Thorim,"Leggings of Unstable Discharge",epic,45894,https://wowhead.com/wotlk/item=45894
"Ulduar N10",Thorim,"Mjolnir Runestone",epic,45931,https://wowhead.com/wotlk/item=45931
"Ulduar N10",Thorim,"Pendant of the Shallow Grave",epic,45933,https://wowhead.com/wotlk/item=45933
"Ulduar N10",Thorim,"Sif's Remembrance",epic,45929,https://wowhead.com/wotlk/item=45929
"Ulduar N10",Thorim,"Spaulders of the Wayward Conqueror",epic,45659,https://wowhead.com/wotlk/item=45659
"Ulduar N10",Thorim,"Spaulders of the Wayward Protector",epic,45660,https://wowhead.com/wotlk/item=45660
"Ulduar N10",Thorim,"Spaulders of the Wayward Vanquisher",epic,45661,https://wowhead.com/wotlk/item=45661
"Ulduar N10",Mimiron,"Cable of the Metrognome",epic,45975,https://wowhead.com/wotlk/item=45975
"Ulduar N10",Mimiron,"Fused Alloy Legplates",epic,45982,https://wowhead.com/wotlk/item=45982
"Ulduar N10",Mimiron,"Fusion Blade",epic,45990,https://wowhead.com/wotlk/item=45990
"Ulduar N10",Mimiron,"Greaves of the Iron Army",epic,45988,https://wowhead.com/wotlk/item=45988
"Ulduar N10",Mimiron,"Helm of the Wayward Conqueror",epic,45647,https://wowhead.com/wotlk/item=45647
"Ulduar N10",Mimiron,"Helm of the Wayward Protector",epic,45648,https://wowhead.com/wotlk/item=45648
"Ulduar N10",Mimiron,"Helm of the Wayward Vanquisher",epic,45649,https://wowhead.com/wotlk/item=45649
"Ulduar N10",Mimiron,"Mimiron's Flight Goggles",epic,45993,https://wowhead.com/wotlk/item=45993
"Ulduar N10",Mimiron,"Pulse Baton",epic,45972,https://wowhead.com/wotlk/item=45972
"Ulduar N10",Mimiron,"Shoulderguards of Assimilation",epic,45974,https://wowhead.com/wotlk/item=45974
"Ulduar N10",Mimiron,"Static Charge Handwraps",epic,45976,https://wowhead.com/wotlk/item=45976
"Ulduar N10",Mimiron,"Stylish Power Cape",epic,45973,https://wowhead.com/wotlk/item=45973
"Ulduar N10",Mimiron,"Tempered Mercury Greaves",epic,45989,https://wowhead.com/wotlk/item=45989
"Ulduar N10",Vezax,"Aesuga, Hand of the Ardent Champion",epic,46035,https://wowhead.com/wotlk/item=46035
"Ulduar N10",Vezax,"Bindings of the Depths",epic,46009,https://wowhead.com/wotlk/item=46009
"Ulduar N10",Vezax,"Choker of the Abyss",epic,46008,https://wowhead.com/wotlk/item=46008
"Ulduar N10",Vezax,"Darkstone Ring",epic,46010,https://wowhead.com/wotlk/item=46010
"Ulduar N10",Vezax,"Drape of the Faceless General",epic,46032,https://wowhead.com/wotlk/item=46032
"Ulduar N10",Vezax,"Gauntlets of the Wretched",epic,45997,https://wowhead.com/wotlk/item=45997
"Ulduar N10",Vezax,Hoperender,epic,45996,https://wowhead.com/wotlk/item=45996
"Ulduar N10",Vezax,"Leggings of Profound Darkness",epic,46034,https://wowhead.com/wotlk/item=46034
"Ulduar N10",Vezax,"Pendant of Endless Despair",epic,46015,https://wowhead.com/wotlk/item=46015
"Ulduar N10",Vezax,"Saronite Animus Cloak",epic,46014,https://wowhead.com/wotlk/item=46014
"Ulduar N10",Vezax,Shadowbite,epic,46011,https://wowhead.com/wotlk/item=46011
"Ulduar N10",Vezax,"Tortured Earth",epic,46033,https://wowhead.com/wotlk/item=46033
"Ulduar N10",Vezax,"Underworld Mantle",epic,46013,https://wowhead.com/wotlk/item=46013
"Ulduar N10",Vezax,"Vestments of the Piercing Light",epic,46012,https://wowhead.com/wotlk/item=46012
"Ulduar N10",Vezax,"Void Sabre",epic,46036,https://wowhead.com/wotlk/item=46036
"Ulduar N10",Yogg-Saron,Abaddon,epic,46016,https://wowhead.com/wotlk/item=46016
"Ulduar N10",Yogg-Saron,"Amice of Inconceivable Horror",epic,46068,https://wowhead.com/wotlk/item=46068
"Ulduar N10",Yogg-Saron,"Caress of Insanity",epic,46097,https://wowhead.com/wotlk/item=46097
"Ulduar N10",Yogg-Saron,"Chestguard of the Wayward Conqueror",epic,45635,https://wowhead.com/wotlk/item=45635
"Ulduar N10",Yogg-Saron,"Chestguard of the Wayward Protector",epic,45636,https://wowhead.com/wotlk/item=45636
"Ulduar N10",Yogg-Saron,"Chestguard of the Wayward Vanquisher",epic,45637,https://wowhead.com/wotlk/item=45637
"Ulduar N10",Yogg-Saron,Deliverance,epic,46018,https://wowhead.com/wotlk/item=46018
"Ulduar N10",Yogg-Saron,Devotion,epic,46025,https://wowhead.com/wotlk/item=46025
"Ulduar N10",Yogg-Saron,"Faceguard of the Eyeless Horror",epic,46028,https://wowhead.com/wotlk/item=46028
"Ulduar N10",Yogg-Saron,"Hammer of Crushing Whispers",epic,46067,https://wowhead.com/wotlk/item=46067
"Ulduar N10",Yogg-Saron,Kingsbane,epic,46024,https://wowhead.com/wotlk/item=46024
"Ulduar N10",Yogg-Saron,"Leggings of the Insatiable",epic,46019,https://wowhead.com/wotlk/item=46019
"Ulduar N10",Yogg-Saron,"Pendant of a Thousand Maws",epic,46022,https://wowhead.com/wotlk/item=46022
"Ulduar N10",Yogg-Saron,"Royal Seal of King Llane",epic,46021,https://wowhead.com/wotlk/item=46021
"Ulduar N10",Yogg-Saron,"Signet of Soft Lament",epic,46096,https://wowhead.com/wotlk/item=46096
"Ulduar N10",Yogg-Saron,"Soul-Devouring Cinch",epic,46095,https://wowhead.com/wotlk/item=46095
"Ulduar N10",Yogg-Saron,"Touch of Madness",epic,46031,https://wowhead.com/wotlk/item=46031
"Ulduar N10",Yogg-Saron,"Treads of the Dragon Council",epic,46030,https://wowhead.com/wotlk/item=46030
"Ulduar N10",Yogg-Saron,"Vanquished Clutches of Yogg-Saron",epic,46312,https://wowhead.com/wotlk/item=46312